query_number,timestamp,Age,Gender,Department,Job_Role,Monthly_Income,Years_at_Company,Job_Satisfaction,Work_Life_Balance,Overtime,Number_of_Companies_Worked,prediction_label,attrition_status,attrition_probability,stay_probability,prediction_confidence,response_time_ms,model_name,record_id,http_status,success,error_message
1,2026-06-23T16:14:14.066912+00:00,45,Male,Marketing,Assistant,6517,12,3,1,No,2,Stay,Likely to Stay,49.62,50.38,50.38,21.15,Logistic Regression,2ff61316,200,True,
2,2026-06-23T16:14:14.115324+00:00,40,Female,IT,Manager,8147,14,2,4,Yes,1,Leave,Likely to Leave,50.56,49.44,50.56,42.99,Logistic Regression,231ff557,200,True,
3,2026-06-23T16:14:14.161100+00:00,24,Female,IT,Manager,8175,2,1,4,No,0,Stay,Likely to Stay,49.4,50.6,50.6,40.18,Logistic Regression,73490e0a,200,True,
4,2026-06-23T16:14:14.233366+00:00,40,Female,Sales,Analyst,2938,10,2,3,Yes,3,Leave,Likely to Leave,50.79,49.21,50.79,66.83,Logistic Regression,380d18af,200,True,
5,2026-06-23T16:14:14.294939+00:00,23,Female,Finance,Assistant,9073,19,1,1,Yes,5,Stay,Likely to Stay,48.71,51.29,51.29,55.98,Logistic Regression,e2f97099,200,True,
6,2026-06-23T16:14:14.349175+00:00,50,Male,Finance,Manager,7516,26,2,3,No,2,Leave,Likely to Leave,51.42,48.58,51.42,48.61,Logistic Regression,4cd567da,200,True,
7,2026-06-23T16:14:14.395723+00:00,23,Female,Finance,Executive,2576,26,4,2,Yes,2,Leave,Likely to Leave,52.6,47.4,52.6,41.24,Logistic Regression,018a118a,200,True,
8,2026-06-23T16:14:14.442008+00:00,49,Female,IT,Executive,15710,14,4,3,Yes,3,Leave,Likely to Leave,50.53,49.47,50.53,40.98,Logistic Regression,83d0c58e,200,True,
9,2026-06-23T16:14:14.489900+00:00,29,Male,IT,Manager,4436,13,1,3,Yes,3,Stay,Likely to Stay,47.15,52.85,52.85,42.29,Logistic Regression,992e2f19,200,True,
10,2026-06-23T16:14:14.546003+00:00,59,Male,Marketing,Assistant,15265,14,2,3,Yes,3,Leave,Likely to Leave,50.41,49.59,50.41,50.57,Logistic Regression,e5edf93b,200,True,
11,2026-06-23T16:14:14.591745+00:00,35,Male,IT,Manager,4188,2,4,2,Yes,2,Stay,Likely to Stay,48.09,51.91,51.91,39.94,Logistic Regression,d8614198,200,True,
12,2026-06-23T16:14:14.646265+00:00,26,Male,Sales,Assistant,13475,27,4,3,No,2,Leave,Likely to Leave,52.13,47.87,52.13,49.2,Logistic Regression,5bd44d67,200,True,
13,2026-06-23T16:14:14.702596+00:00,26,Female,IT,Analyst,20565,9,4,4,Yes,0,Leave,Likely to Leave,53.47,46.53,53.47,50.83,Logistic Regression,3433eb43,200,True,
14,2026-06-23T16:14:14.749808+00:00,29,Male,IT,Analyst,7605,31,4,3,Yes,5,Stay,Likely to Stay,49.25,50.75,50.75,41.85,Logistic Regression,407bb16c,200,True,
15,2026-06-23T16:14:14.800491+00:00,32,Female,HR,Assistant,18574,23,3,4,Yes,1,Leave,Likely to Leave,52.98,47.02,52.98,45.04,Logistic Regression,34fd0ead,200,True,
16,2026-06-23T16:14:14.860401+00:00,47,Female,Marketing,Assistant,15846,9,3,2,Yes,2,Leave,Likely to Leave,50.41,49.59,50.41,54.39,Logistic Regression,c7d9d49d,200,True,
17,2026-06-23T16:14:14.908976+00:00,25,Female,Finance,Executive,11065,24,4,2,No,4,Stay,Likely to Stay,49.73,50.27,50.27,43.24,Logistic Regression,95774c56,200,True,
18,2026-06-23T16:14:14.968587+00:00,61,Male,Finance,Analyst,16311,27,1,3,Yes,4,Leave,Likely to Leave,52.59,47.41,52.59,54.18,Logistic Regression,c0b5e852,200,True,
19,2026-06-23T16:14:15.011547+00:00,28,Female,Sales,Executive,6690,26,1,2,Yes,2,Leave,Likely to Leave,50.73,49.27,50.73,37.48,Logistic Regression,428e2f59,200,True,
20,2026-06-23T16:14:15.061783+00:00,25,Male,IT,Analyst,9184,12,1,3,No,1,Leave,Likely to Leave,51.03,48.97,51.03,44.53,Logistic Regression,d9ec3b49,200,True,
21,2026-06-23T16:14:15.136467+00:00,38,Male,Sales,Executive,5304,22,3,4,No,3,Leave,Likely to Leave,50.71,49.29,50.71,68.33,Logistic Regression,b7acc982,200,True,
22,2026-06-23T16:14:15.193986+00:00,46,Male,IT,Analyst,8634,1,3,1,No,2,Stay,Likely to Stay,49.86,50.14,50.14,51.97,Logistic Regression,20f69c02,200,True,
23,2026-06-23T16:14:15.252732+00:00,33,Female,IT,Executive,5879,8,4,3,No,5,Stay,Likely to Stay,46.88,53.12,53.12,53.28,Logistic Regression,5077ad83,200,True,
24,2026-06-23T16:14:15.295922+00:00,32,Female,Marketing,Manager,17315,17,2,1,No,1,Stay,Likely to Stay,47.15,52.85,52.85,37.92,Logistic Regression,080b3e95,200,True,
25,2026-06-23T16:14:15.338066+00:00,62,Female,Marketing,Manager,16272,13,4,4,No,1,Leave,Likely to Leave,50.21,49.79,50.21,36.68,Logistic Regression,6691e88a,200,True,
26,2026-06-23T16:14:15.403409+00:00,33,Female,Sales,Assistant,20279,29,1,4,Yes,3,Leave,Likely to Leave,51.75,48.25,51.75,59.57,Logistic Regression,326bf92e,200,True,
27,2026-06-23T16:14:15.456654+00:00,58,Male,Finance,Assistant,7007,22,2,3,No,4,Leave,Likely to Leave,52.27,47.73,52.27,47.95,Logistic Regression,cfa87145,200,True,
28,2026-06-23T16:14:15.521889+00:00,23,Male,Sales,Manager,9572,16,4,3,No,4,Stay,Likely to Stay,46.41,53.59,53.59,59.59,Logistic Regression,9ccf0879,200,True,
29,2026-06-23T16:14:15.590182+00:00,45,Male,Sales,Executive,2459,15,1,1,Yes,3,Stay,Likely to Stay,49.4,50.6,50.6,63.02,Logistic Regression,8fd10059,200,True,
30,2026-06-23T16:14:15.636610+00:00,62,Male,Finance,Executive,13626,27,4,3,Yes,3,Leave,Likely to Leave,53.69,46.31,53.69,41.02,Logistic Regression,c530ad83,200,True,
31,2026-06-23T16:14:15.673610+00:00,42,Female,IT,Executive,20223,31,1,2,Yes,3,Stay,Likely to Stay,49.98,50.02,50.02,31.35,Logistic Regression,c6e243fd,200,True,
32,2026-06-23T16:14:15.716359+00:00,28,Male,IT,Manager,18071,16,1,4,Yes,3,Stay,Likely to Stay,47.49,52.51,52.51,37.22,Logistic Regression,9042c444,200,True,
33,2026-06-23T16:14:15.790844+00:00,35,Male,IT,Manager,3568,23,1,2,Yes,0,Leave,Likely to Leave,50.83,49.17,50.83,68.58,Logistic Regression,4629ac80,200,True,
34,2026-06-23T16:14:15.833695+00:00,28,Male,HR,Executive,16433,12,4,1,No,1,Stay,Likely to Stay,49.45,50.55,50.55,37.48,Logistic Regression,446f9171,200,True,
35,2026-06-23T16:14:15.898235+00:00,56,Female,HR,Executive,10852,20,4,3,Yes,4,Stay,Likely to Stay,49.63,50.37,50.37,58.75,Logistic Regression,147ae8b0,200,True,
36,2026-06-23T16:14:15.948685+00:00,21,Male,Sales,Assistant,11045,28,3,2,No,2,Leave,Likely to Leave,51.31,48.69,51.31,44.96,Logistic Regression,460835e9,200,True,
37,2026-06-23T16:14:15.999679+00:00,23,Female,IT,Assistant,18442,5,1,2,Yes,1,Leave,Likely to Leave,50.73,49.27,50.73,45.26,Logistic Regression,a83aac79,200,True,
38,2026-06-23T16:14:16.065504+00:00,39,Male,Finance,Executive,17433,27,2,3,Yes,4,Leave,Likely to Leave,50.98,49.02,50.98,60.57,Logistic Regression,bda699c3,200,True,
39,2026-06-23T16:14:16.123505+00:00,58,Male,HR,Assistant,5232,13,1,4,No,0,Leave,Likely to Leave,53.95,46.05,53.95,52.48,Logistic Regression,fb60ca58,200,True,
40,2026-06-23T16:14:16.189777+00:00,50,Male,HR,Manager,18426,1,1,4,Yes,1,Stay,Likely to Stay,49.23,50.77,50.77,60.77,Logistic Regression,b030cf39,200,True,
41,2026-06-23T16:14:16.237636+00:00,37,Female,IT,Assistant,15385,18,4,1,No,2,Leave,Likely to Leave,50.83,49.17,50.83,41.9,Logistic Regression,664f94e8,200,True,
42,2026-06-23T16:14:16.299622+00:00,57,Male,HR,Analyst,15983,19,2,3,No,3,Leave,Likely to Leave,50.34,49.66,50.34,56.48,Logistic Regression,1383b920,200,True,
43,2026-06-23T16:14:16.360408+00:00,45,Female,IT,Assistant,8584,2,4,3,No,4,Stay,Likely to Stay,49.15,50.85,50.85,55.26,Logistic Regression,196ee6c3,200,True,
44,2026-06-23T16:14:16.422234+00:00,27,Male,IT,Executive,19125,5,3,3,No,2,Stay,Likely to Stay,49.15,50.85,50.85,56.62,Logistic Regression,bfa0883a,200,True,
45,2026-06-23T16:14:16.467712+00:00,33,Male,Marketing,Analyst,18692,1,1,1,Yes,0,Leave,Likely to Leave,50.17,49.83,50.17,39.67,Logistic Regression,7da08f5b,200,True,
46,2026-06-23T16:14:16.510376+00:00,58,Male,Sales,Assistant,17543,10,4,4,Yes,3,Leave,Likely to Leave,52.52,47.48,52.52,37.28,Logistic Regression,4d481384,200,True,
47,2026-06-23T16:14:16.565586+00:00,25,Female,HR,Analyst,13199,28,4,2,No,3,Stay,Likely to Stay,49.39,50.61,50.61,49.32,Logistic Regression,5d8da126,200,True,
48,2026-06-23T16:14:16.635137+00:00,50,Female,Finance,Assistant,15563,7,1,3,No,4,Leave,Likely to Leave,50.66,49.34,50.66,64.08,Logistic Regression,3067aea9,200,True,
49,2026-06-23T16:14:16.700887+00:00,40,Male,Finance,Executive,10912,7,4,4,Yes,2,Leave,Likely to Leave,53.03,46.97,53.03,60.13,Logistic Regression,3f378f24,200,True,
50,2026-06-23T16:14:16.785827+00:00,23,Male,Sales,Executive,9346,4,2,2,Yes,4,Stay,Likely to Stay,47.17,52.83,52.83,79.43,Logistic Regression,835f6a05,200,True,
51,2026-06-23T16:14:16.854367+00:00,50,Male,Finance,Assistant,9722,13,4,2,Yes,3,Leave,Likely to Leave,52.9,47.1,52.9,44.77,Logistic Regression,6c42a940,200,True,
52,2026-06-23T16:14:16.890741+00:00,58,Female,Marketing,Manager,7636,27,4,2,No,3,Stay,Likely to Stay,47.92,52.08,52.08,30.95,Logistic Regression,769265a5,200,True,
53,2026-06-23T16:14:16.915421+00:00,36,Female,Marketing,Analyst,16419,18,3,4,No,3,Stay,Likely to Stay,49.44,50.56,50.56,19.08,Logistic Regression,3e8334e4,200,True,
54,2026-06-23T16:14:16.965725+00:00,43,Female,IT,Executive,8086,4,4,1,No,1,Leave,Likely to Leave,50.5,49.5,50.5,44.74,Logistic Regression,5c2d8f1b,200,True,
55,2026-06-23T16:14:17.034434+00:00,52,Female,Sales,Analyst,15416,15,4,1,No,1,Leave,Likely to Leave,52.6,47.4,52.6,63.21,Logistic Regression,f4d68962,200,True,
56,2026-06-23T16:14:17.081947+00:00,24,Male,IT,Manager,8397,6,3,2,Yes,2,Stay,Likely to Stay,47.49,52.51,52.51,42.14,Logistic Regression,0773630f,200,True,
57,2026-06-23T16:14:17.145682+00:00,30,Female,Marketing,Executive,19312,9,2,3,No,1,Stay,Likely to Stay,49.3,50.7,50.7,58.31,Logistic Regression,a174bae2,200,True,
58,2026-06-23T16:14:17.186912+00:00,34,Male,Sales,Analyst,15353,1,2,4,No,5,Stay,Likely to Stay,47.47,52.53,52.53,35.97,Logistic Regression,5405b46c,200,True,
59,2026-06-23T16:14:17.239336+00:00,49,Male,HR,Assistant,10506,18,2,2,Yes,3,Leave,Likely to Leave,50.32,49.68,50.32,47.13,Logistic Regression,f86f4b71,200,True,
60,2026-06-23T16:14:17.302372+00:00,24,Male,Sales,Analyst,8025,30,1,2,Yes,3,Leave,Likely to Leave,50.37,49.63,50.37,57.5,Logistic Regression,a60a36ee,200,True,
61,2026-06-23T16:14:17.356417+00:00,43,Female,Finance,Executive,12904,9,4,3,No,3,Leave,Likely to Leave,51.23,48.77,51.23,47.67,Logistic Regression,f3a4c99e,200,True,
62,2026-06-23T16:14:17.410840+00:00,56,Female,Sales,Executive,5406,14,4,2,No,3,Leave,Likely to Leave,50.47,49.53,50.47,48.82,Logistic Regression,fb4725e9,200,True,
63,2026-06-23T16:14:17.459715+00:00,50,Male,Marketing,Analyst,10970,16,3,4,No,4,Stay,Likely to Stay,48.98,51.02,51.02,43.28,Logistic Regression,63ca74e3,200,True,
64,2026-06-23T16:14:17.504880+00:00,24,Female,Marketing,Executive,6770,3,2,3,No,2,Stay,Likely to Stay,47.8,52.2,52.2,39.87,Logistic Regression,470676eb,200,True,
65,2026-06-23T16:14:17.563003+00:00,21,Female,Finance,Executive,6826,5,1,4,Yes,4,Stay,Likely to Stay,49.28,50.72,50.72,52.38,Logistic Regression,e32946ac,200,True,
66,2026-06-23T16:14:17.611467+00:00,38,Female,Marketing,Analyst,7770,8,1,3,No,1,Leave,Likely to Leave,50.36,49.64,50.36,42.82,Logistic Regression,55150e59,200,True,
67,2026-06-23T16:14:17.680480+00:00,56,Female,Marketing,Executive,4657,11,1,2,No,3,Stay,Likely to Stay,48.1,51.9,51.9,63.26,Logistic Regression,6def010e,200,True,
68,2026-06-23T16:14:17.742679+00:00,20,Female,IT,Executive,12625,6,3,2,No,2,Stay,Likely to Stay,48.57,51.43,51.43,56.93,Logistic Regression,f54977f6,200,True,
69,2026-06-23T16:14:17.786026+00:00,42,Male,Sales,Executive,11130,22,2,3,Yes,1,Leave,Likely to Leave,52.82,47.18,52.82,37.75,Logistic Regression,b5ebb788,200,True,
70,2026-06-23T16:14:17.834709+00:00,19,Female,HR,Analyst,11346,0,2,3,Yes,2,Stay,Likely to Stay,49.11,50.89,50.89,43.12,Logistic Regression,fb5ee304,200,True,
71,2026-06-23T16:14:17.879809+00:00,51,Female,Sales,Analyst,2260,3,2,1,Yes,2,Leave,Likely to Leave,51.09,48.91,51.09,39.33,Logistic Regression,4688d06e,200,True,
72,2026-06-23T16:14:17.941015+00:00,26,Male,Marketing,Assistant,8467,16,2,3,No,1,Leave,Likely to Leave,50.67,49.33,50.67,55.77,Logistic Regression,933d6213,200,True,
73,2026-06-23T16:14:18.016063+00:00,23,Female,Marketing,Manager,10519,15,4,3,No,3,Stay,Likely to Stay,45.92,54.08,54.08,69.55,Logistic Regression,14d7b4b5,200,True,
74,2026-06-23T16:14:18.074569+00:00,31,Female,IT,Assistant,7523,24,3,3,No,3,Leave,Likely to Leave,50.64,49.36,50.64,52.97,Logistic Regression,caa5b857,200,True,
75,2026-06-23T16:14:18.149936+00:00,43,Male,IT,Analyst,18878,19,3,4,No,1,Leave,Likely to Leave,53.04,46.96,53.04,69.86,Logistic Regression,9cf1c651,200,True,
76,2026-06-23T16:14:18.233175+00:00,48,Female,HR,Assistant,15732,22,1,2,Yes,3,Leave,Likely to Leave,50.23,49.77,50.23,77.43,Logistic Regression,5b44e081,200,True,
77,2026-06-23T16:14:18.318638+00:00,43,Male,Marketing,Executive,5699,23,1,4,No,0,Leave,Likely to Leave,52.27,47.73,52.27,79.74,Logistic Regression,90fe773a,200,True,
78,2026-06-23T16:14:18.371286+00:00,57,Female,Finance,Manager,18094,24,4,2,No,5,Stay,Likely to Stay,48.25,51.75,51.75,47.28,Logistic Regression,35da091e,200,True,
79,2026-06-23T16:14:18.429922+00:00,25,Male,Sales,Analyst,4772,16,4,3,No,5,Stay,Likely to Stay,48.09,51.91,51.91,52.94,Logistic Regression,47f8b05c,200,True,
80,2026-06-23T16:14:18.458750+00:00,34,Male,Marketing,Manager,3166,19,4,2,Yes,4,Stay,Likely to Stay,45.78,54.22,54.22,23.33,Logistic Regression,252bddd0,200,True,
81,2026-06-23T16:14:18.493874+00:00,27,Male,IT,Analyst,8883,3,2,4,Yes,4,Stay,Likely to Stay,48.57,51.43,51.43,29.04,Logistic Regression,daf847d1,200,True,
82,2026-06-23T16:14:18.549170+00:00,31,Female,Marketing,Assistant,15777,18,2,2,No,1,Leave,Likely to Leave,50.49,49.51,50.49,49.95,Logistic Regression,b5cbaf14,200,True,
83,2026-06-23T16:14:18.613304+00:00,51,Male,Finance,Assistant,10464,8,1,3,Yes,1,Leave,Likely to Leave,54.58,45.42,54.58,58.81,Logistic Regression,e6c33a5e,200,True,
84,2026-06-23T16:14:18.671643+00:00,43,Female,Marketing,Manager,9092,10,4,4,No,3,Stay,Likely to Stay,47.08,52.92,52.92,52.73,Logistic Regression,3d7e3128,200,True,
85,2026-06-23T16:14:18.720756+00:00,39,Female,IT,Manager,15513,15,2,1,No,3,Stay,Likely to Stay,46.38,53.62,53.62,43.94,Logistic Regression,34b1d3bf,200,True,
86,2026-06-23T16:14:18.774334+00:00,29,Male,HR,Analyst,17487,18,1,4,Yes,1,Leave,Likely to Leave,51.82,48.18,51.82,47.97,Logistic Regression,12413ed3,200,True,
87,2026-06-23T16:14:18.827521+00:00,23,Male,Finance,Manager,14415,0,1,2,No,5,Stay,Likely to Stay,44.56,55.44,55.44,47.88,Logistic Regression,c61cd3d5,200,True,
88,2026-06-23T16:14:18.891929+00:00,34,Female,HR,Analyst,6816,7,4,2,Yes,1,Leave,Likely to Leave,51.4,48.6,51.4,59.15,Logistic Regression,b710018b,200,True,
89,2026-06-23T16:14:18.940523+00:00,28,Male,Sales,Executive,11547,4,4,3,Yes,2,Leave,Likely to Leave,50.44,49.56,50.44,43.2,Logistic Regression,e64a7316,200,True,
90,2026-06-23T16:14:18.998656+00:00,35,Female,Marketing,Manager,16170,16,3,1,Yes,3,Stay,Likely to Stay,45.86,54.14,54.14,52.9,Logistic Regression,14d72a42,200,True,
91,2026-06-23T16:14:19.054661+00:00,45,Male,Finance,Assistant,15503,20,1,3,No,4,Leave,Likely to Leave,51.15,48.85,51.15,50.19,Logistic Regression,92e16040,200,True,
92,2026-06-23T16:14:19.112652+00:00,38,Male,HR,Assistant,6586,4,3,1,Yes,3,Stay,Likely to Stay,48.79,51.21,51.21,52.3,Logistic Regression,9a6ebe03,200,True,
93,2026-06-23T16:14:19.181735+00:00,25,Male,HR,Analyst,8322,12,4,3,Yes,3,Stay,Likely to Stay,49.48,50.52,50.52,63.34,Logistic Regression,c1178851,200,True,
94,2026-06-23T16:14:19.219357+00:00,52,Female,IT,Analyst,6371,8,4,1,Yes,1,Leave,Likely to Leave,52.48,47.52,52.48,32.33,Logistic Regression,ff477c73,200,True,
95,2026-06-23T16:14:19.297932+00:00,26,Female,Sales,Manager,3436,26,4,3,No,0,Leave,Likely to Leave,51.61,48.39,51.61,72.65,Logistic Regression,a26c476d,200,True,
96,2026-06-23T16:14:19.375340+00:00,40,Female,IT,Analyst,17783,18,4,1,No,3,Stay,Likely to Stay,49.59,50.41,50.41,71.55,Logistic Regression,1289d5ad,200,True,
97,2026-06-23T16:14:19.429820+00:00,58,Female,HR,Manager,4012,22,4,3,No,1,Leave,Likely to Leave,50.83,49.17,50.83,49.15,Logistic Regression,ba6c6fd9,200,True,
98,2026-06-23T16:14:19.473318+00:00,35,Female,Finance,Manager,12973,3,1,2,Yes,1,Leave,Likely to Leave,50.22,49.78,50.22,37.89,Logistic Regression,54015039,200,True,
99,2026-06-23T16:14:19.514229+00:00,33,Female,Marketing,Assistant,13900,5,1,3,Yes,0,Leave,Likely to Leave,51.7,48.3,51.7,35.13,Logistic Regression,8e9e9371,200,True,
100,2026-06-23T16:14:19.581687+00:00,54,Female,Sales,Executive,7161,1,2,2,No,3,Stay,Likely to Stay,49.13,50.87,50.87,61.82,Logistic Regression,e8e5bf1f,200,True,
101,2026-06-23T16:14:19.633602+00:00,33,Female,Marketing,Executive,5631,24,3,2,Yes,5,Stay,Likely to Stay,46.55,53.45,53.45,41.45,Logistic Regression,3ade9528,200,True,
102,2026-06-23T16:14:19.690081+00:00,22,Female,Marketing,Assistant,9713,9,4,2,Yes,2,Stay,Likely to Stay,49.53,50.47,50.47,51.18,Logistic Regression,c1d940c5,200,True,
103,2026-06-23T16:14:19.728483+00:00,44,Female,Sales,Analyst,7632,18,3,3,No,3,Leave,Likely to Leave,51.06,48.94,51.06,32.89,Logistic Regression,25ff2ad0,200,True,
104,2026-06-23T16:14:19.780065+00:00,46,Female,Finance,Analyst,15572,28,4,3,Yes,1,Leave,Likely to Leave,55.87,44.13,55.87,46.23,Logistic Regression,46024f03,200,True,
105,2026-06-23T16:14:19.829834+00:00,50,Female,Finance,Assistant,11790,16,4,4,Yes,1,Leave,Likely to Leave,56.13,43.87,56.13,44.29,Logistic Regression,286a83a9,200,True,
106,2026-06-23T16:14:19.896934+00:00,30,Female,Marketing,Analyst,18511,15,4,1,No,3,Stay,Likely to Stay,47.79,52.21,52.21,61.45,Logistic Regression,bd2b9d2b,200,True,
107,2026-06-23T16:14:19.955541+00:00,50,Male,Sales,Executive,6210,15,1,2,Yes,2,Leave,Likely to Leave,51.12,48.88,51.12,53.4,Logistic Regression,e26dba54,200,True,
108,2026-06-23T16:14:20.006022+00:00,51,Male,IT,Assistant,17136,0,4,2,No,0,Leave,Likely to Leave,52.99,47.01,52.99,45.16,Logistic Regression,6d4637a5,200,True,
109,2026-06-23T16:14:20.072231+00:00,48,Female,Marketing,Analyst,7212,23,4,2,No,4,Stay,Likely to Stay,48.71,51.29,51.29,60.69,Logistic Regression,a346f6b9,200,True,
110,2026-06-23T16:14:20.129692+00:00,21,Female,Marketing,Manager,16356,30,3,3,No,3,Stay,Likely to Stay,46.38,53.62,53.62,51.41,Logistic Regression,d41a4528,200,True,
111,2026-06-23T16:14:20.187754+00:00,58,Female,Sales,Analyst,9763,18,4,2,No,3,Leave,Likely to Leave,51.47,48.53,51.47,51.09,Logistic Regression,9dc16f11,200,True,
112,2026-06-23T16:14:20.236164+00:00,41,Female,Marketing,Executive,15539,5,3,4,Yes,1,Leave,Likely to Leave,50.88,49.12,50.88,43.0,Logistic Regression,c4e680c0,200,True,
113,2026-06-23T16:14:20.295920+00:00,42,Female,Finance,Assistant,13774,11,4,3,No,1,Leave,Likely to Leave,54.44,45.56,54.44,54.3,Logistic Regression,6d2769ad,200,True,
114,2026-06-23T16:14:20.380679+00:00,59,Female,Sales,Manager,6515,0,4,4,Yes,1,Leave,Likely to Leave,51.54,48.46,51.54,79.2,Logistic Regression,d0e986ef,200,True,
115,2026-06-23T16:14:20.440734+00:00,38,Male,Finance,Manager,18336,19,3,1,Yes,4,Stay,Likely to Stay,47.92,52.08,52.08,54.34,Logistic Regression,d26ac682,200,True,
116,2026-06-23T16:14:20.507625+00:00,42,Male,Marketing,Assistant,7295,22,1,2,Yes,5,Stay,Likely to Stay,47.36,52.64,52.64,61.09,Logistic Regression,3a9ca426,200,True,
117,2026-06-23T16:14:20.582268+00:00,58,Female,Sales,Manager,3549,4,2,3,No,1,Leave,Likely to Leave,50.34,49.66,50.34,69.19,Logistic Regression,b98ef478,200,True,
118,2026-06-23T16:14:20.663134+00:00,59,Female,Marketing,Executive,6786,0,3,2,Yes,3,Stay,Likely to Stay,48.54,51.46,51.46,74.43,Logistic Regression,35b6e464,200,True,
119,2026-06-23T16:14:20.730902+00:00,46,Male,Sales,Analyst,17823,19,4,3,No,3,Leave,Likely to Leave,51.22,48.78,51.22,62.25,Logistic Regression,10933f21,200,True,
120,2026-06-23T16:14:20.780114+00:00,44,Female,Marketing,Executive,7173,18,2,1,No,4,Stay,Likely to Stay,46.57,53.43,53.43,43.63,Logistic Regression,d4056aa4,200,True,
121,2026-06-23T16:14:20.830822+00:00,47,Male,Marketing,Analyst,6924,27,4,2,Yes,4,Stay,Likely to Stay,49.39,50.61,50.61,44.75,Logistic Regression,008e4034,200,True,
122,2026-06-23T16:14:20.902070+00:00,38,Female,Finance,Executive,6519,0,1,4,No,1,Leave,Likely to Leave,52.52,47.48,52.52,65.75,Logistic Regression,1b227ecb,200,True,
123,2026-06-23T16:14:20.966342+00:00,35,Female,Marketing,Assistant,6546,0,2,4,No,1,Leave,Likely to Leave,50.7,49.3,50.7,59.05,Logistic Regression,1f125ddf,200,True,
124,2026-06-23T16:14:21.028855+00:00,48,Male,IT,Manager,6044,20,1,4,Yes,2,Stay,Likely to Stay,49.99,50.01,50.01,56.93,Logistic Regression,a1a78490,200,True,
125,2026-06-23T16:14:21.085391+00:00,45,Female,Finance,Executive,6877,9,1,1,Yes,2,Leave,Likely to Leave,51.46,48.54,51.46,51.05,Logistic Regression,4ed15de4,200,True,
126,2026-06-23T16:14:21.148902+00:00,24,Male,Marketing,Executive,19106,13,2,1,No,0,Stay,Likely to Stay,49.37,50.63,50.63,57.94,Logistic Regression,ffa92dbe,200,True,
127,2026-06-23T16:14:21.211115+00:00,28,Male,Finance,Manager,14552,23,4,2,No,5,Stay,Likely to Stay,46.8,53.2,53.2,56.63,Logistic Regression,479725d3,200,True,
128,2026-06-23T16:14:21.251770+00:00,57,Male,Marketing,Assistant,18443,10,2,4,Yes,1,Leave,Likely to Leave,52.64,47.36,52.64,35.36,Logistic Regression,95c45608,200,True,
129,2026-06-23T16:14:21.302651+00:00,35,Male,HR,Manager,16496,23,4,1,No,3,Stay,Likely to Stay,46.44,53.56,53.56,45.47,Logistic Regression,9ad0ea35,200,True,
130,2026-06-23T16:14:21.348518+00:00,36,Female,Finance,Analyst,3270,6,4,4,No,1,Leave,Likely to Leave,54.25,45.75,54.25,40.45,Logistic Regression,a7f153d7,200,True,
131,2026-06-23T16:14:21.433895+00:00,31,Female,Marketing,Executive,7952,8,3,4,Yes,1,Leave,Likely to Leave,50.7,49.3,50.7,79.48,Logistic Regression,e7ccefd5,200,True,
132,2026-06-23T16:14:21.509484+00:00,49,Male,IT,Manager,5633,0,2,4,No,5,Stay,Likely to Stay,45.34,54.66,54.66,69.89,Logistic Regression,6a51db76,200,True,
133,2026-06-23T16:14:21.584068+00:00,20,Male,Finance,Analyst,17411,25,4,3,No,3,Leave,Likely to Leave,51.68,48.32,51.68,68.95,Logistic Regression,bb1f6e95,200,True,
134,2026-06-23T16:14:21.663969+00:00,52,Female,Finance,Executive,7180,19,2,3,Yes,5,Leave,Likely to Leave,50.29,49.71,50.29,74.03,Logistic Regression,4657d5b5,200,True,
135,2026-06-23T16:14:21.700589+00:00,39,Male,IT,Analyst,14631,27,4,1,No,1,Leave,Likely to Leave,52.25,47.75,52.25,31.2,Logistic Regression,334e71b6,200,True,
136,2026-06-23T16:14:21.748744+00:00,31,Female,IT,Executive,3172,9,4,3,Yes,1,Leave,Likely to Leave,51.74,48.26,51.74,42.85,Logistic Regression,d60c4bfc,200,True,
137,2026-06-23T16:14:21.781263+00:00,51,Male,Marketing,Executive,14642,3,4,2,Yes,1,Leave,Likely to Leave,50.53,49.47,50.53,27.27,Logistic Regression,d65802d8,200,True,
138,2026-06-23T16:14:21.828196+00:00,40,Female,Finance,Executive,6888,22,2,2,No,5,Stay,Likely to Stay,48.89,51.11,51.11,41.59,Logistic Regression,9216c26e,200,True,
139,2026-06-23T16:14:21.875989+00:00,49,Male,IT,Analyst,5506,13,4,1,Yes,2,Leave,Likely to Leave,51.52,48.48,51.52,42.23,Logistic Regression,6938e93e,200,True,
140,2026-06-23T16:14:21.919427+00:00,39,Male,Finance,Executive,9844,8,4,3,No,3,Leave,Likely to Leave,50.99,49.01,50.99,38.14,Logistic Regression,e8dfa899,200,True,
141,2026-06-23T16:14:21.952141+00:00,37,Female,Finance,Analyst,7908,23,4,3,No,3,Leave,Likely to Leave,52.6,47.4,52.6,26.52,Logistic Regression,6f444070,200,True,
142,2026-06-23T16:14:21.998858+00:00,39,Male,HR,Executive,3279,16,3,2,No,4,Stay,Likely to Stay,47.45,52.55,52.55,40.95,Logistic Regression,c58b12b5,200,True,
143,2026-06-23T16:14:22.061710+00:00,40,Male,HR,Executive,10392,6,3,1,No,3,Stay,Likely to Stay,47.4,52.6,52.6,57.35,Logistic Regression,3e0c72e2,200,True,
144,2026-06-23T16:14:22.119339+00:00,36,Male,IT,Manager,13505,2,4,1,No,0,Stay,Likely to Stay,49.14,50.86,50.86,52.11,Logistic Regression,0c5c88fe,200,True,
145,2026-06-23T16:14:22.181547+00:00,43,Male,Finance,Manager,9237,16,1,1,No,1,Leave,Likely to Leave,50.41,49.59,50.41,56.69,Logistic Regression,e6a6ac9b,200,True,
146,2026-06-23T16:14:22.240939+00:00,19,Female,Sales,Manager,12665,26,4,1,Yes,1,Stay,Likely to Stay,49.64,50.36,50.36,53.88,Logistic Regression,e331b23c,200,True,
147,2026-06-23T16:14:22.313892+00:00,43,Male,Sales,Analyst,15890,9,1,1,Yes,3,Stay,Likely to Stay,49.47,50.53,50.53,67.31,Logistic Regression,717ad6b6,200,True,
148,2026-06-23T16:14:22.374717+00:00,28,Male,HR,Analyst,3496,18,4,2,Yes,2,Leave,Likely to Leave,50.69,49.31,50.69,55.44,Logistic Regression,97d44fe5,200,True,
149,2026-06-23T16:14:22.421428+00:00,37,Male,Sales,Manager,5099,20,3,3,No,2,Stay,Likely to Stay,49.33,50.67,50.67,41.26,Logistic Regression,65b1fed1,200,True,
150,2026-06-23T16:14:22.475255+00:00,22,Female,Marketing,Assistant,5061,7,2,4,Yes,4,Stay,Likely to Stay,47.8,52.2,52.2,48.31,Logistic Regression,fcd77153,200,True,
151,2026-06-23T16:14:22.526665+00:00,35,Male,Marketing,Manager,16899,7,1,3,Yes,2,Stay,Likely to Stay,46.82,53.18,53.18,36.2,Logistic Regression,f6419512,200,True,
152,2026-06-23T16:14:22.571555+00:00,39,Female,Marketing,Analyst,7576,5,4,2,Yes,2,Stay,Likely to Stay,49.9,50.1,50.1,39.5,Logistic Regression,ac5ecdca,200,True,
153,2026-06-23T16:14:22.619857+00:00,41,Male,Marketing,Analyst,18903,13,3,2,No,1,Leave,Likely to Leave,50.55,49.45,50.55,42.52,Logistic Regression,c27067be,200,True,
154,2026-06-23T16:14:22.681237+00:00,32,Female,Marketing,Analyst,19595,3,4,4,No,3,Stay,Likely to Stay,48.53,51.47,51.47,55.73,Logistic Regression,3546caa6,200,True,
155,2026-06-23T16:14:22.755185+00:00,57,Male,HR,Analyst,17768,15,4,2,Yes,4,Stay,Likely to Stay,49.51,50.49,50.49,68.62,Logistic Regression,36ce7386,200,True,
156,2026-06-23T16:14:22.810348+00:00,36,Male,Sales,Executive,16849,12,4,3,Yes,4,Stay,Likely to Stay,49.04,50.96,50.96,49.82,Logistic Regression,342d3d72,200,True,
157,2026-06-23T16:14:22.867320+00:00,33,Female,Marketing,Manager,4381,12,2,4,Yes,1,Stay,Likely to Stay,49.04,50.96,50.96,51.55,Logistic Regression,fc73fe40,200,True,
158,2026-06-23T16:14:22.922872+00:00,39,Female,IT,Analyst,9267,8,3,1,Yes,2,Leave,Likely to Leave,50.49,49.51,50.49,49.78,Logistic Regression,51404e0b,200,True,
159,2026-06-23T16:14:22.998257+00:00,22,Female,Finance,Executive,13395,24,4,2,Yes,2,Leave,Likely to Leave,52.24,47.76,52.24,69.77,Logistic Regression,b8fa20f7,200,True,
160,2026-06-23T16:14:23.092309+00:00,36,Male,Marketing,Executive,11982,14,4,3,No,2,Stay,Likely to Stay,49.34,50.66,50.66,88.43,Logistic Regression,9e3b18bf,200,True,
161,2026-06-23T16:14:23.164434+00:00,41,Female,Finance,Executive,6525,30,4,4,Yes,0,Leave,Likely to Leave,56.68,43.32,56.68,65.74,Logistic Regression,b06e5172,200,True,
162,2026-06-23T16:14:23.220023+00:00,26,Female,Marketing,Assistant,15239,26,3,4,Yes,3,Leave,Likely to Leave,50.24,49.76,50.24,50.36,Logistic Regression,4e1b82d6,200,True,
163,2026-06-23T16:14:23.258257+00:00,20,Male,Marketing,Manager,2810,3,3,1,No,2,Stay,Likely to Stay,45.11,54.89,54.89,32.62,Logistic Regression,0ba2ccc3,200,True,
164,2026-06-23T16:14:23.312642+00:00,22,Male,IT,Assistant,14289,18,2,2,Yes,2,Leave,Likely to Leave,50.62,49.38,50.62,49.25,Logistic Regression,004f168b,200,True,
165,2026-06-23T16:14:23.349089+00:00,24,Male,Sales,Manager,18610,15,3,3,Yes,2,Stay,Likely to Stay,48.7,51.3,51.3,31.24,Logistic Regression,ee4a60a1,200,True,
166,2026-06-23T16:14:23.397376+00:00,44,Female,HR,Assistant,20150,9,4,2,No,4,Stay,Likely to Stay,48.25,51.75,51.75,42.96,Logistic Regression,af270a48,200,True,
167,2026-06-23T16:14:23.423534+00:00,59,Male,Sales,Assistant,15223,20,2,2,Yes,4,Leave,Likely to Leave,50.76,49.24,50.76,21.04,Logistic Regression,dcd8ccc0,200,True,
168,2026-06-23T16:14:23.457813+00:00,36,Male,Finance,Manager,10280,25,3,3,No,5,Stay,Likely to Stay,47.62,52.38,52.38,29.08,Logistic Regression,0855d73c,200,True,
169,2026-06-23T16:14:23.512478+00:00,24,Female,IT,Manager,14761,23,4,3,Yes,1,Leave,Likely to Leave,50.18,49.82,50.18,49.48,Logistic Regression,cc3b45c0,200,True,
170,2026-06-23T16:14:23.544288+00:00,36,Male,IT,Assistant,13152,13,1,1,Yes,1,Leave,Likely to Leave,51.42,48.58,51.42,26.22,Logistic Regression,babb85d7,200,True,
171,2026-06-23T16:14:23.585713+00:00,32,Male,HR,Executive,13096,7,2,3,Yes,0,Leave,Likely to Leave,51.49,48.51,51.49,35.17,Logistic Regression,0fc7a103,200,True,
172,2026-06-23T16:14:23.631330+00:00,57,Female,Sales,Executive,3025,12,3,4,No,3,Leave,Likely to Leave,51.13,48.87,51.13,40.12,Logistic Regression,1c861f55,200,True,
173,2026-06-23T16:14:23.670645+00:00,45,Female,IT,Analyst,6195,7,4,4,Yes,2,Leave,Likely to Leave,52.38,47.62,52.38,34.14,Logistic Regression,ccd1a3c0,200,True,
174,2026-06-23T16:14:23.708843+00:00,42,Female,Finance,Manager,14425,24,4,2,No,3,Stay,Likely to Stay,49.74,50.26,50.26,32.86,Logistic Regression,550ca185,200,True,
175,2026-06-23T16:14:23.759560+00:00,22,Male,IT,Assistant,12175,28,2,1,No,1,Leave,Likely to Leave,51.33,48.67,51.33,45.29,Logistic Regression,d856b397,200,True,
176,2026-06-23T16:14:23.801953+00:00,55,Male,Finance,Manager,11165,10,4,3,No,0,Leave,Likely to Leave,53.26,46.74,53.26,37.1,Logistic Regression,9ac2d1cc,200,True,
177,2026-06-23T16:14:23.829200+00:00,53,Female,IT,Analyst,16908,5,3,2,Yes,0,Leave,Likely to Leave,53.48,46.52,53.48,21.64,Logistic Regression,d09b41e7,200,True,
178,2026-06-23T16:14:23.880034+00:00,38,Female,Marketing,Assistant,14393,10,1,3,No,0,Leave,Likely to Leave,51.7,48.3,51.7,45.47,Logistic Regression,1e5d789c,200,True,
179,2026-06-23T16:14:23.924665+00:00,33,Male,Finance,Executive,11135,13,2,1,No,1,Leave,Likely to Leave,51.77,48.23,51.77,39.4,Logistic Regression,998bae33,200,True,
180,2026-06-23T16:14:23.970801+00:00,48,Male,HR,Manager,12736,22,3,1,Yes,3,Stay,Likely to Stay,47.39,52.61,52.61,40.92,Logistic Regression,d69e41e9,200,True,
181,2026-06-23T16:14:24.025642+00:00,50,Female,Marketing,Executive,16661,5,4,1,Yes,5,Stay,Likely to Stay,45.83,54.17,54.17,49.16,Logistic Regression,200b20c0,200,True,
182,2026-06-23T16:14:24.118329+00:00,48,Male,HR,Analyst,9377,29,3,4,No,2,Leave,Likely to Leave,52.36,47.64,52.36,87.04,Logistic Regression,62ffe350,200,True,
183,2026-06-23T16:14:24.165815+00:00,35,Female,Marketing,Manager,4637,25,3,2,No,1,Stay,Likely to Stay,48.67,51.33,51.33,42.18,Logistic Regression,213b2d35,200,True,
184,2026-06-23T16:14:24.226307+00:00,37,Male,Marketing,Executive,4086,4,3,4,No,1,Leave,Likely to Leave,50.26,49.74,50.26,55.21,Logistic Regression,819dc4e1,200,True,
185,2026-06-23T16:14:24.283339+00:00,47,Male,Sales,Executive,17946,6,2,1,No,0,Leave,Likely to Leave,51.63,48.37,51.63,51.66,Logistic Regression,7fe918c1,200,True,
186,2026-06-23T16:14:24.350331+00:00,25,Female,Marketing,Analyst,9721,1,2,1,No,1,Stay,Likely to Stay,48.59,51.41,51.41,61.73,Logistic Regression,6bb50fd8,200,True,
187,2026-06-23T16:14:24.397309+00:00,56,Male,IT,Assistant,3725,28,4,1,Yes,2,Leave,Likely to Leave,53.03,46.97,53.03,41.38,Logistic Regression,2de60415,200,True,
188,2026-06-23T16:14:24.440277+00:00,19,Female,Marketing,Manager,4961,3,4,1,No,2,Stay,Likely to Stay,45.29,54.71,54.71,37.53,Logistic Regression,fd516035,200,True,
189,2026-06-23T16:14:24.479891+00:00,32,Female,IT,Manager,11319,21,4,1,No,3,Stay,Likely to Stay,46.91,53.09,53.09,34.04,Logistic Regression,86de7e34,200,True,
190,2026-06-23T16:14:24.537879+00:00,55,Female,Marketing,Analyst,13322,21,1,3,Yes,4,Stay,Likely to Stay,49.14,50.86,50.86,52.3,Logistic Regression,915791c9,200,True,
191,2026-06-23T16:14:24.580658+00:00,23,Female,Sales,Assistant,15443,10,4,3,Yes,4,Stay,Likely to Stay,49.36,50.64,50.64,36.78,Logistic Regression,c0bd2e91,200,True,
192,2026-06-23T16:14:24.621118+00:00,50,Female,Marketing,Analyst,10278,0,1,3,No,3,Stay,Likely to Stay,48.27,51.73,51.73,34.91,Logistic Regression,9ef50d6c,200,True,
193,2026-06-23T16:14:24.657478+00:00,41,Female,Finance,Analyst,12889,16,3,2,No,5,Stay,Likely to Stay,49.45,50.55,50.55,30.84,Logistic Regression,6c4b9b9f,200,True,
194,2026-06-23T16:14:24.693834+00:00,56,Female,Finance,Manager,19173,5,1,4,Yes,2,Leave,Likely to Leave,51.08,48.92,51.08,30.93,Logistic Regression,9a233f1f,200,True,
195,2026-06-23T16:14:24.730020+00:00,31,Male,HR,Executive,2174,9,1,1,No,1,Stay,Likely to Stay,49.0,51.0,51.0,30.8,Logistic Regression,cc61d916,200,True,
196,2026-06-23T16:14:24.769709+00:00,42,Male,Marketing,Assistant,8472,26,3,2,No,4,Stay,Likely to Stay,48.56,51.44,51.44,34.14,Logistic Regression,308023cf,200,True,
197,2026-06-23T16:14:24.804285+00:00,43,Female,IT,Executive,11266,16,1,2,No,3,Stay,Likely to Stay,48.77,51.23,51.23,29.13,Logistic Regression,8e271e2d,200,True,
198,2026-06-23T16:14:24.839958+00:00,24,Male,Sales,Analyst,15150,20,3,3,Yes,2,Leave,Likely to Leave,51.64,48.36,51.64,30.36,Logistic Regression,df7e3961,200,True,
199,2026-06-23T16:14:24.878113+00:00,28,Male,IT,Manager,8460,0,2,1,No,3,Stay,Likely to Stay,45.05,54.95,54.95,32.58,Logistic Regression,99a21bb7,200,True,
200,2026-06-23T16:14:24.927989+00:00,57,Male,Finance,Manager,20665,13,4,2,No,2,Leave,Likely to Leave,50.75,49.25,50.75,44.47,Logistic Regression,f6c15d7c,200,True,
201,2026-06-23T16:14:24.981556+00:00,34,Male,Finance,Analyst,19587,7,3,2,Yes,2,Leave,Likely to Leave,52.2,47.8,52.2,41.38,Logistic Regression,d16d888c,200,True,
202,2026-06-23T16:14:25.021275+00:00,50,Female,Finance,Manager,5210,14,1,3,Yes,1,Leave,Likely to Leave,52.19,47.81,52.19,34.29,Logistic Regression,517bfdf7,200,True,
203,2026-06-23T16:14:25.063232+00:00,32,Female,Sales,Manager,11751,24,2,3,No,4,Stay,Likely to Stay,46.87,53.13,53.13,36.63,Logistic Regression,ac79fa13,200,True,
204,2026-06-23T16:14:25.102092+00:00,37,Female,Sales,Executive,10229,18,3,4,Yes,3,Leave,Likely to Leave,50.92,49.08,50.92,33.42,Logistic Regression,4d6d90a8,200,True,
205,2026-06-23T16:14:25.147949+00:00,23,Male,Finance,Analyst,15938,20,4,4,Yes,3,Leave,Likely to Leave,52.55,47.45,52.55,40.4,Logistic Regression,4a6c31bb,200,True,
206,2026-06-23T16:14:25.215001+00:00,29,Female,Finance,Executive,13965,25,2,2,Yes,1,Leave,Likely to Leave,53.26,46.74,53.26,61.76,Logistic Regression,ef1d8fed,200,True,
207,2026-06-23T16:14:25.272435+00:00,47,Female,HR,Analyst,16231,17,2,4,No,3,Leave,Likely to Leave,50.23,49.77,50.23,51.88,Logistic Regression,e61ea3a9,200,True,
208,2026-06-23T16:14:25.330593+00:00,32,Male,IT,Executive,20568,15,1,2,Yes,5,Stay,Likely to Stay,46.35,53.65,53.65,52.62,Logistic Regression,9e39ee83,200,True,
209,2026-06-23T16:14:25.375482+00:00,37,Male,Sales,Assistant,15969,25,1,4,No,1,Leave,Likely to Leave,53.37,46.63,53.37,39.27,Logistic Regression,d0b0a6ef,200,True,
210,2026-06-23T16:14:25.417595+00:00,40,Male,HR,Assistant,5733,3,4,2,No,2,Leave,Likely to Leave,50.08,49.92,50.08,36.64,Logistic Regression,0613f2fa,200,True,
211,2026-06-23T16:14:25.498521+00:00,24,Female,Finance,Executive,4981,21,3,2,No,3,Leave,Likely to Leave,50.47,49.53,50.47,74.58,Logistic Regression,a41ddb10,200,True,
212,2026-06-23T16:14:25.605705+00:00,53,Male,IT,Assistant,15524,23,3,3,Yes,4,Leave,Likely to Leave,50.92,49.08,50.92,101.53,Logistic Regression,75dc37f9,200,True,
213,2026-06-23T16:14:25.665571+00:00,32,Female,HR,Assistant,16046,6,2,2,Yes,0,Leave,Likely to Leave,51.97,48.03,51.97,54.62,Logistic Regression,f568e268,200,True,
214,2026-06-23T16:14:25.717725+00:00,24,Female,Marketing,Manager,8503,7,4,1,No,4,Stay,Likely to Stay,43.57,56.43,56.43,46.7,Logistic Regression,44661027,200,True,
215,2026-06-23T16:14:25.764205+00:00,38,Male,Sales,Manager,15739,19,4,3,Yes,4,Stay,Likely to Stay,47.73,52.27,52.27,41.24,Logistic Regression,219b7396,200,True,
216,2026-06-23T16:14:25.814658+00:00,53,Male,Marketing,Manager,3309,7,2,3,Yes,3,Stay,Likely to Stay,47.08,52.92,52.92,45.12,Logistic Regression,19328d84,200,True,
217,2026-06-23T16:14:25.858357+00:00,19,Female,HR,Analyst,6477,26,2,4,No,2,Leave,Likely to Leave,50.65,49.35,50.65,38.26,Logistic Regression,d733f348,200,True,
218,2026-06-23T16:14:25.904167+00:00,20,Male,HR,Executive,18490,2,1,2,No,1,Stay,Likely to Stay,48.22,51.78,51.78,40.35,Logistic Regression,7cb6d3c8,200,True,
219,2026-06-23T16:14:25.947875+00:00,32,Female,IT,Assistant,14853,22,4,3,Yes,0,Leave,Likely to Leave,54.43,45.57,54.43,38.41,Logistic Regression,ceeae3be,200,True,
220,2026-06-23T16:14:26.022047+00:00,27,Male,HR,Analyst,14686,25,1,4,No,3,Stay,Likely to Stay,49.49,50.51,50.51,68.86,Logistic Regression,1059ac86,200,True,
221,2026-06-23T16:14:26.086721+00:00,34,Female,Sales,Executive,11299,18,4,2,Yes,2,Leave,Likely to Leave,51.14,48.86,51.14,58.48,Logistic Regression,68b0e553,200,True,
222,2026-06-23T16:14:26.135381+00:00,55,Male,IT,Executive,5457,15,3,1,Yes,3,Stay,Likely to Stay,49.88,50.12,50.12,43.23,Logistic Regression,d566dc30,200,True,
223,2026-06-23T16:14:26.180131+00:00,40,Female,HR,Assistant,16569,13,4,4,Yes,3,Leave,Likely to Leave,50.88,49.12,50.88,39.2,Logistic Regression,2b5d0abb,200,True,
224,2026-06-23T16:14:26.235427+00:00,33,Female,HR,Assistant,7120,17,1,2,Yes,1,Leave,Likely to Leave,51.52,48.48,51.52,49.88,Logistic Regression,3f1d5fe0,200,True,
225,2026-06-23T16:14:26.277832+00:00,23,Male,Sales,Analyst,14049,16,2,1,No,2,Stay,Likely to Stay,49.71,50.29,50.29,36.58,Logistic Regression,5a93ed24,200,True,
226,2026-06-23T16:14:26.325245+00:00,23,Male,Sales,Manager,19737,24,4,3,Yes,4,Stay,Likely to Stay,47.23,52.77,52.77,42.14,Logistic Regression,82d93e7d,200,True,
227,2026-06-23T16:14:26.359176+00:00,49,Male,Finance,Assistant,6298,17,2,2,No,5,Leave,Likely to Leave,50.01,49.99,50.01,28.45,Logistic Regression,101f01fa,200,True,
228,2026-06-23T16:14:26.399114+00:00,22,Male,Sales,Analyst,14710,27,2,2,No,3,Stay,Likely to Stay,49.67,50.33,50.33,34.64,Logistic Regression,b171c087,200,True,
229,2026-06-23T16:14:26.446675+00:00,21,Male,Finance,Analyst,17518,27,4,3,Yes,1,Leave,Likely to Leave,54.53,45.47,54.53,42.16,Logistic Regression,2af3a701,200,True,
230,2026-06-23T16:14:26.496506+00:00,25,Female,Marketing,Analyst,10267,25,2,1,No,1,Stay,Likely to Stay,49.99,50.01,50.01,44.4,Logistic Regression,abf5be43,200,True,
231,2026-06-23T16:14:26.549300+00:00,26,Female,HR,Analyst,10518,9,4,1,Yes,4,Stay,Likely to Stay,47.36,52.64,52.64,46.76,Logistic Regression,be89dc5b,200,True,
232,2026-06-23T16:14:26.588017+00:00,50,Female,HR,Analyst,16491,2,3,2,Yes,4,Stay,Likely to Stay,48.25,51.75,51.75,33.11,Logistic Regression,929abcb4,200,True,
233,2026-06-23T16:14:26.628314+00:00,41,Male,Finance,Analyst,8598,15,4,4,No,3,Leave,Likely to Leave,52.73,47.27,52.73,35.05,Logistic Regression,98453fd2,200,True,
234,2026-06-23T16:14:26.665216+00:00,49,Female,Finance,Assistant,10298,29,3,2,Yes,2,Leave,Likely to Leave,54.67,45.33,54.67,31.32,Logistic Regression,6f9bc84f,200,True,
235,2026-06-23T16:14:26.708625+00:00,30,Male,IT,Analyst,12498,4,4,4,Yes,5,Stay,Likely to Stay,48.08,51.92,51.92,37.54,Logistic Regression,a233e5da,200,True,
236,2026-06-23T16:14:26.762217+00:00,25,Female,IT,Analyst,6905,7,2,3,Yes,4,Stay,Likely to Stay,48.33,51.67,51.67,48.25,Logistic Regression,21228d54,200,True,
237,2026-06-23T16:14:26.815343+00:00,27,Male,HR,Executive,17805,13,4,3,No,3,Stay,Likely to Stay,48.19,51.81,51.81,47.83,Logistic Regression,f4150c2e,200,True,
238,2026-06-23T16:14:26.895569+00:00,62,Male,Finance,Analyst,13697,28,4,2,Yes,2,Leave,Likely to Leave,55.11,44.89,55.11,74.75,Logistic Regression,16c88da0,200,True,
239,2026-06-23T16:14:26.948379+00:00,56,Female,Sales,Assistant,17989,11,2,3,No,2,Leave,Likely to Leave,52.16,47.84,52.16,47.41,Logistic Regression,95df54d6,200,True,
240,2026-06-23T16:14:27.002538+00:00,42,Female,Sales,Manager,15217,25,4,1,No,2,Stay,Likely to Stay,49.04,50.96,50.96,48.48,Logistic Regression,3a6ffbfc,200,True,
241,2026-06-23T16:14:27.084876+00:00,26,Male,IT,Manager,15046,12,2,3,No,4,Stay,Likely to Stay,45.38,54.62,54.62,73.6,Logistic Regression,995c5a4a,200,True,
242,2026-06-23T16:14:27.139205+00:00,59,Male,Sales,Assistant,10773,4,4,4,No,3,Leave,Likely to Leave,51.81,48.19,51.81,48.6,Logistic Regression,12f09bc4,200,True,
243,2026-06-23T16:14:27.180252+00:00,23,Female,HR,Assistant,14307,4,4,4,No,1,Leave,Likely to Leave,51.19,48.81,51.19,35.78,Logistic Regression,4a5fd6f5,200,True,
244,2026-06-23T16:14:27.222258+00:00,39,Female,Finance,Assistant,18303,22,4,2,Yes,3,Leave,Likely to Leave,52.79,47.21,52.79,36.67,Logistic Regression,276c8d4f,200,True,
245,2026-06-23T16:14:27.252183+00:00,44,Female,IT,Manager,14184,23,1,3,No,2,Stay,Likely to Stay,48.88,51.12,51.12,24.59,Logistic Regression,dd994b0e,200,True,
246,2026-06-23T16:14:27.287127+00:00,38,Female,Finance,Analyst,2278,16,4,1,Yes,2,Leave,Likely to Leave,53.03,46.97,53.03,29.35,Logistic Regression,a9effb1b,200,True,
247,2026-06-23T16:14:27.334987+00:00,45,Female,Sales,Analyst,10259,26,1,1,No,4,Stay,Likely to Stay,49.09,50.91,50.91,42.71,Logistic Regression,c016da80,200,True,
248,2026-06-23T16:14:27.379302+00:00,56,Male,IT,Analyst,13935,26,1,3,No,0,Leave,Likely to Leave,54.34,45.66,54.34,39.07,Logistic Regression,493a5f6d,200,True,
249,2026-06-23T16:14:27.403092+00:00,50,Male,Finance,Executive,18724,9,3,2,Yes,1,Leave,Likely to Leave,53.44,46.56,53.44,18.25,Logistic Regression,e4a5556e,200,True,
250,2026-06-23T16:14:27.435012+00:00,48,Male,IT,Manager,18848,13,1,1,Yes,5,Stay,Likely to Stay,44.76,55.24,55.24,26.46,Logistic Regression,9f2aeb78,200,True,
251,2026-06-23T16:14:27.473164+00:00,51,Female,Sales,Manager,13900,4,3,2,Yes,3,Stay,Likely to Stay,47.95,52.05,52.05,26.81,Logistic Regression,06001af5,200,True,
252,2026-06-23T16:14:27.524341+00:00,31,Female,Sales,Analyst,12811,22,2,4,No,2,Leave,Likely to Leave,51.89,48.11,51.89,45.92,Logistic Regression,bc87727f,200,True,
253,2026-06-23T16:14:27.557468+00:00,58,Female,Marketing,Executive,6202,14,1,3,No,1,Leave,Likely to Leave,50.96,49.04,50.96,27.67,Logistic Regression,378edb11,200,True,
254,2026-06-23T16:14:27.595761+00:00,31,Male,IT,Analyst,3653,2,2,4,No,5,Stay,Likely to Stay,47.19,52.81,52.81,33.07,Logistic Regression,5a35775e,200,True,
255,2026-06-23T16:14:27.664094+00:00,40,Female,IT,Analyst,19524,5,1,4,Yes,5,Stay,Likely to Stay,47.87,52.13,52.13,62.92,Logistic Regression,3136997b,200,True,
256,2026-06-23T16:14:27.708523+00:00,48,Male,Finance,Executive,20154,18,4,3,No,2,Leave,Likely to Leave,52.91,47.09,52.91,38.99,Logistic Regression,5a68984e,200,True,
257,2026-06-23T16:14:27.762159+00:00,34,Male,Finance,Executive,8141,29,4,1,Yes,0,Leave,Likely to Leave,54.86,45.14,54.86,48.0,Logistic Regression,ef877751,200,True,
258,2026-06-23T16:14:27.813705+00:00,24,Male,Sales,Analyst,7243,3,1,2,No,5,Stay,Likely to Stay,46.11,53.89,53.89,45.93,Logistic Regression,ffd84ca7,200,True,
259,2026-06-23T16:14:27.853136+00:00,56,Male,Marketing,Analyst,6656,16,4,1,Yes,4,Stay,Likely to Stay,48.73,51.27,51.27,33.99,Logistic Regression,4bec0bf3,200,True,
260,2026-06-23T16:14:27.889792+00:00,55,Female,Finance,Analyst,14137,18,4,1,Yes,2,Leave,Likely to Leave,53.76,46.24,53.76,31.3,Logistic Regression,cc933d07,200,True,
261,2026-06-23T16:14:27.936238+00:00,48,Female,HR,Assistant,11463,27,4,2,No,1,Leave,Likely to Leave,52.89,47.11,52.89,40.75,Logistic Regression,25179500,200,True,
262,2026-06-23T16:14:32.123510+00:00,43,Male,Sales,Executive,7153,2,4,4,No,2,Leave,Likely to Leave,51.05,48.95,51.05,4181.65,Logistic Regression,f3337106,200,True,
263,2026-06-23T16:14:32.156962+00:00,18,Male,Finance,Executive,7256,20,3,4,Yes,3,Leave,Likely to Leave,51.49,48.51,51.49,27.93,Logistic Regression,950b9695,200,True,
264,2026-06-23T16:14:32.198694+00:00,57,Female,IT,Analyst,19448,7,4,2,Yes,2,Leave,Likely to Leave,51.81,48.19,51.81,36.11,Logistic Regression,25562554,200,True,
265,2026-06-23T16:14:32.236686+00:00,40,Female,Finance,Analyst,2479,18,1,3,No,4,Leave,Likely to Leave,50.8,49.2,50.8,32.61,Logistic Regression,f4b1238a,200,True,
266,2026-06-23T16:14:32.270013+00:00,31,Female,IT,Assistant,8302,18,4,1,Yes,2,Leave,Likely to Leave,51.19,48.81,51.19,27.9,Logistic Regression,9a81ed19,200,True,
267,2026-06-23T16:14:32.313562+00:00,34,Female,IT,Assistant,16003,20,4,4,Yes,2,Leave,Likely to Leave,52.69,47.31,52.69,38.35,Logistic Regression,f0f2f7ee,200,True,
268,2026-06-23T16:14:32.349577+00:00,58,Male,Marketing,Analyst,2997,28,2,2,Yes,2,Leave,Likely to Leave,51.77,48.23,51.77,30.88,Logistic Regression,29776b81,200,True,
269,2026-06-23T16:14:32.386643+00:00,30,Female,Sales,Executive,4811,16,2,1,Yes,3,Stay,Likely to Stay,48.96,51.04,51.04,31.94,Logistic Regression,d4f33770,200,True,
270,2026-06-23T16:14:32.415826+00:00,26,Male,Marketing,Manager,8299,1,3,1,No,4,Stay,Likely to Stay,43.06,56.94,56.94,23.79,Logistic Regression,4b22892a,200,True,
271,2026-06-23T16:14:32.465737+00:00,26,Male,Finance,Executive,9324,22,1,1,Yes,2,Leave,Likely to Leave,51.22,48.78,51.22,44.29,Logistic Regression,8a3fbeca,200,True,
272,2026-06-23T16:14:32.513982+00:00,48,Female,HR,Analyst,9948,10,4,2,No,3,Stay,Likely to Stay,49.5,50.5,50.5,42.89,Logistic Regression,340d91b5,200,True,
273,2026-06-23T16:14:32.563891+00:00,51,Female,Marketing,Manager,4835,5,1,3,Yes,3,Stay,Likely to Stay,46.66,53.34,53.34,44.53,Logistic Regression,f8ec55a3,200,True,
274,2026-06-23T16:14:32.599170+00:00,26,Male,Marketing,Executive,8416,13,4,4,No,4,Stay,Likely to Stay,47.16,52.84,52.84,29.73,Logistic Regression,80fec2cc,200,True,
275,2026-06-23T16:14:32.635518+00:00,20,Female,IT,Manager,4154,13,1,3,Yes,5,Stay,Likely to Stay,44.62,55.38,55.38,30.88,Logistic Regression,2d9a00a4,200,True,
276,2026-06-23T16:14:32.671418+00:00,38,Female,IT,Manager,2994,0,3,1,No,2,Stay,Likely to Stay,46.97,53.03,53.03,30.64,Logistic Regression,cf807f17,200,True,
277,2026-06-23T16:14:32.713022+00:00,38,Male,Finance,Manager,4611,27,4,3,Yes,2,Leave,Likely to Leave,51.93,48.07,51.93,36.2,Logistic Regression,e82a9eac,200,True,
278,2026-06-23T16:14:32.778267+00:00,53,Female,Sales,Assistant,15475,20,3,4,No,4,Leave,Likely to Leave,51.11,48.89,51.11,60.01,Logistic Regression,063f57ba,200,True,
279,2026-06-23T16:14:32.827900+00:00,58,Female,Finance,Manager,7233,22,4,3,Yes,3,Leave,Likely to Leave,51.52,48.48,51.52,44.29,Logistic Regression,7f6a726a,200,True,
280,2026-06-23T16:14:32.871766+00:00,38,Male,Sales,Analyst,18121,8,4,1,No,2,Leave,Likely to Leave,50.34,49.66,50.34,38.58,Logistic Regression,91193263,200,True,
281,2026-06-23T16:14:32.905769+00:00,32,Male,Finance,Assistant,5121,9,4,4,Yes,1,Leave,Likely to Leave,54.94,45.06,54.94,28.3,Logistic Regression,30c20c22,200,True,
282,2026-06-23T16:14:32.941031+00:00,38,Female,HR,Assistant,18115,21,1,1,Yes,1,Leave,Likely to Leave,51.34,48.66,51.34,29.59,Logistic Regression,628b1e06,200,True,
283,2026-06-23T16:14:32.984494+00:00,41,Female,Sales,Executive,7517,17,4,1,No,2,Leave,Likely to Leave,50.5,49.5,50.5,38.21,Logistic Regression,777b990d,200,True,
284,2026-06-23T16:14:33.069479+00:00,32,Male,Sales,Assistant,4234,20,3,4,No,4,Leave,Likely to Leave,50.25,49.75,50.25,79.3,Logistic Regression,16af9bd4,200,True,
285,2026-06-23T16:14:33.147457+00:00,18,Male,Sales,Executive,14239,22,1,1,No,4,Stay,Likely to Stay,46.69,53.31,53.31,72.42,Logistic Regression,707856d1,200,True,
286,2026-06-23T16:14:33.240558+00:00,55,Male,Marketing,Executive,14051,21,4,3,No,4,Stay,Likely to Stay,48.48,51.52,51.52,87.42,Logistic Regression,cac58eed,200,True,
287,2026-06-23T16:14:33.301840+00:00,34,Female,IT,Manager,8531,3,1,3,Yes,2,Stay,Likely to Stay,47.85,52.15,52.15,55.89,Logistic Regression,0daa7b66,200,True,
288,2026-06-23T16:14:33.354834+00:00,30,Female,Marketing,Executive,7326,29,4,1,No,4,Stay,Likely to Stay,46.98,53.02,53.02,47.85,Logistic Regression,abbf64e4,200,True,
289,2026-06-23T16:14:33.410043+00:00,32,Male,Sales,Manager,4364,18,4,2,No,2,Stay,Likely to Stay,48.75,51.25,51.25,49.92,Logistic Regression,f7f9c177,200,True,
290,2026-06-23T16:14:33.473717+00:00,40,Female,Sales,Analyst,7260,12,1,2,Yes,0,Leave,Likely to Leave,53.38,46.62,53.38,57.59,Logistic Regression,061dd88d,200,True,
291,2026-06-23T16:14:33.555093+00:00,32,Male,Finance,Executive,7181,27,1,1,Yes,2,Leave,Likely to Leave,51.84,48.16,51.84,75.12,Logistic Regression,7da740a3,200,True,
292,2026-06-23T16:14:33.622412+00:00,60,Female,Marketing,Assistant,15889,12,4,2,No,2,Leave,Likely to Leave,50.91,49.09,50.91,61.7,Logistic Regression,3c65a591,200,True,
293,2026-06-23T16:14:33.684190+00:00,52,Male,Finance,Manager,15374,15,1,3,Yes,2,Leave,Likely to Leave,51.04,48.96,51.04,56.46,Logistic Regression,0d9e41c2,200,True,
294,2026-06-23T16:14:33.720880+00:00,34,Female,Marketing,Assistant,11927,20,3,1,Yes,3,Stay,Likely to Stay,48.96,51.04,51.04,31.03,Logistic Regression,de8c48b9,200,True,
295,2026-06-23T16:14:33.756438+00:00,29,Female,Sales,Assistant,17161,1,1,4,No,4,Stay,Likely to Stay,48.35,51.65,51.65,30.18,Logistic Regression,e5dd9f73,200,True,
296,2026-06-23T16:14:33.793824+00:00,53,Male,IT,Assistant,20588,24,1,3,No,3,Leave,Likely to Leave,50.99,49.01,50.99,31.87,Logistic Regression,e1c35ec4,200,True,
297,2026-06-23T16:14:33.835423+00:00,37,Male,Marketing,Analyst,19309,29,4,1,Yes,5,Stay,Likely to Stay,47.27,52.73,52.73,36.12,Logistic Regression,cf1152b3,200,True,
298,2026-06-23T16:14:33.882233+00:00,61,Female,HR,Manager,10698,6,3,3,Yes,5,Stay,Likely to Stay,45.92,54.08,54.08,41.14,Logistic Regression,6a70a729,200,True,
299,2026-06-23T16:14:33.929858+00:00,21,Male,Finance,Executive,19041,12,4,1,Yes,1,Leave,Likely to Leave,51.97,48.03,51.97,42.12,Logistic Regression,0f80bb60,200,True,
300,2026-06-23T16:14:33.984597+00:00,40,Female,Sales,Analyst,7713,17,4,1,Yes,4,Stay,Likely to Stay,49.57,50.43,50.43,49.21,Logistic Regression,b37f6fb5,200,True,
301,2026-06-23T16:14:34.027601+00:00,58,Female,Finance,Manager,18372,22,1,1,Yes,5,Stay,Likely to Stay,47.58,52.42,52.42,26.84,Logistic Regression,7b0ec7e3,200,True,
302,2026-06-23T16:14:34.068340+00:00,52,Female,Marketing,Analyst,13344,26,3,4,Yes,1,Leave,Likely to Leave,53.43,46.57,53.43,35.51,Logistic Regression,70bd88fe,200,True,
303,2026-06-23T16:14:34.116449+00:00,52,Male,Sales,Analyst,19605,21,1,2,No,3,Leave,Likely to Leave,50.47,49.53,50.47,42.53,Logistic Regression,28b53eff,200,True,
304,2026-06-23T16:14:34.163111+00:00,36,Female,Sales,Assistant,13104,24,4,2,No,0,Leave,Likely to Leave,54.18,45.82,54.18,41.11,Logistic Regression,0f20b02b,200,True,
305,2026-06-23T16:14:34.197143+00:00,28,Male,Marketing,Assistant,7756,4,2,2,No,2,Stay,Likely to Stay,48.54,51.46,51.46,28.54,Logistic Regression,6333eb75,200,True,
306,2026-06-23T16:14:34.228674+00:00,25,Male,IT,Manager,15908,11,2,2,No,2,Stay,Likely to Stay,46.95,53.05,53.05,26.07,Logistic Regression,356415de,200,True,
307,2026-06-23T16:14:34.283033+00:00,43,Male,Finance,Manager,8447,14,4,2,Yes,1,Leave,Likely to Leave,51.96,48.04,51.96,48.88,Logistic Regression,961c26df,200,True,
308,2026-06-23T16:14:34.356775+00:00,45,Female,HR,Executive,4870,6,3,4,Yes,1,Leave,Likely to Leave,51.85,48.15,51.85,68.2,Logistic Regression,a25c1c38,200,True,
309,2026-06-23T16:14:34.434122+00:00,21,Female,IT,Manager,3867,17,2,1,Yes,2,Stay,Likely to Stay,47.44,52.56,52.56,71.92,Logistic Regression,2ea4deba,200,True,
310,2026-06-23T16:14:34.503414+00:00,54,Female,Marketing,Manager,15261,30,2,2,Yes,3,Stay,Likely to Stay,47.85,52.15,52.15,63.68,Logistic Regression,30f25538,200,True,
311,2026-06-23T16:14:34.596531+00:00,47,Female,IT,Manager,6948,13,2,3,No,4,Stay,Likely to Stay,46.63,53.37,53.37,86.52,Logistic Regression,2616a18f,200,True,
312,2026-06-23T16:14:34.702798+00:00,26,Female,Finance,Assistant,19374,2,4,2,No,1,Leave,Likely to Leave,52.59,47.41,52.59,100.64,Logistic Regression,878fb1b1,200,True,
313,2026-06-23T16:14:34.763199+00:00,48,Male,Marketing,Manager,20179,19,4,1,Yes,2,Stay,Likely to Stay,47.85,52.15,52.15,54.79,Logistic Regression,9d9815fb,200,True,
314,2026-06-23T16:14:34.824260+00:00,24,Female,HR,Executive,12550,30,4,4,Yes,2,Leave,Likely to Leave,51.25,48.75,51.25,55.33,Logistic Regression,6902e7f3,200,True,
315,2026-06-23T16:14:34.861807+00:00,51,Female,Marketing,Executive,4789,19,1,2,Yes,2,Stay,Likely to Stay,49.94,50.06,50.06,32.08,Logistic Regression,601fd186,200,True,
316,2026-06-23T16:14:34.913981+00:00,45,Male,Finance,Manager,17692,15,1,1,No,3,Stay,Likely to Stay,48.13,51.87,51.87,46.53,Logistic Regression,eb8e5da8,200,True,
317,2026-06-23T16:14:34.977443+00:00,39,Male,Sales,Assistant,11505,20,3,3,Yes,3,Leave,Likely to Leave,51.62,48.38,51.62,58.16,Logistic Regression,fb68a175,200,True,
318,2026-06-23T16:14:35.046422+00:00,30,Male,IT,Analyst,17523,8,4,1,No,4,Stay,Likely to Stay,47.4,52.6,52.6,63.56,Logistic Regression,f45f6e5c,200,True,
319,2026-06-23T16:14:35.095137+00:00,39,Male,HR,Assistant,13377,4,2,1,No,0,Leave,Likely to Leave,51.21,48.79,51.21,43.26,Logistic Regression,3d583362,200,True,
320,2026-06-23T16:14:35.152417+00:00,38,Male,Sales,Manager,2702,17,2,2,Yes,3,Stay,Likely to Stay,48.02,51.98,51.98,51.97,Logistic Regression,ee843a56,200,True,
321,2026-06-23T16:14:35.191016+00:00,19,Female,Marketing,Executive,14266,27,3,1,Yes,4,Stay,Likely to Stay,46.52,53.48,53.48,32.23,Logistic Regression,92e353e3,200,True,
322,2026-06-23T16:14:35.236899+00:00,54,Female,Marketing,Manager,7177,20,4,2,Yes,2,Stay,Likely to Stay,48.93,51.07,51.07,40.62,Logistic Regression,b88995ff,200,True,
323,2026-06-23T16:14:35.303950+00:00,47,Female,IT,Executive,9195,1,1,1,No,2,Stay,Likely to Stay,48.75,51.25,51.25,61.58,Logistic Regression,40f51fcf,200,True,
324,2026-06-23T16:14:35.367444+00:00,50,Male,Sales,Assistant,18856,1,2,1,Yes,1,Leave,Likely to Leave,51.92,48.08,51.92,57.88,Logistic Regression,ff75d74c,200,True,
325,2026-06-23T16:14:35.415261+00:00,23,Male,Marketing,Executive,17388,28,4,2,No,2,Stay,Likely to Stay,48.98,51.02,51.02,42.55,Logistic Regression,a3828222,200,True,
326,2026-06-23T16:14:35.481612+00:00,33,Male,Marketing,Analyst,12508,23,3,3,Yes,4,Stay,Likely to Stay,48.61,51.39,51.39,61.01,Logistic Regression,9642287e,200,True,
327,2026-06-23T16:14:35.545474+00:00,54,Male,Finance,Analyst,8399,2,3,1,No,2,Leave,Likely to Leave,52.08,47.92,52.08,58.46,Logistic Regression,e2af1904,200,True,
328,2026-06-23T16:14:35.613252+00:00,44,Male,Finance,Manager,13364,6,4,1,Yes,2,Stay,Likely to Stay,49.92,50.08,50.08,62.3,Logistic Regression,bbeb1ff9,200,True,
329,2026-06-23T16:14:35.694038+00:00,25,Male,Marketing,Manager,12411,27,4,3,Yes,4,Stay,Likely to Stay,46.1,53.9,53.9,75.11,Logistic Regression,8246620f,200,True,
330,2026-06-23T16:14:35.792889+00:00,44,Male,HR,Analyst,18331,26,3,1,No,2,Leave,Likely to Leave,50.46,49.54,50.46,93.13,Logistic Regression,12cca297,200,True,
331,2026-06-23T16:14:35.833790+00:00,26,Female,HR,Executive,3285,8,1,2,Yes,5,Stay,Likely to Stay,45.4,54.6,54.6,34.46,Logistic Regression,7ce7a2f1,200,True,
332,2026-06-23T16:14:35.867539+00:00,55,Male,Finance,Assistant,4671,26,4,2,Yes,3,Leave,Likely to Leave,53.99,46.01,53.99,28.28,Logistic Regression,a0f86050,200,True,
333,2026-06-23T16:14:35.906917+00:00,35,Female,Finance,Analyst,11419,11,1,4,Yes,2,Leave,Likely to Leave,53.13,46.87,53.13,33.83,Logistic Regression,9691e394,200,True,
334,2026-06-23T16:14:35.953705+00:00,43,Male,IT,Manager,15833,0,4,2,Yes,4,Stay,Likely to Stay,46.0,54.0,54.0,41.17,Logistic Regression,3cba84d5,200,True,
335,2026-06-23T16:14:36.021916+00:00,49,Male,HR,Manager,10712,16,4,2,Yes,2,Stay,Likely to Stay,48.88,51.12,51.12,62.67,Logistic Regression,bce60a6e,200,True,
336,2026-06-23T16:14:36.155141+00:00,45,Female,Marketing,Analyst,5820,9,2,1,Yes,1,Leave,Likely to Leave,50.63,49.37,50.63,127.52,Logistic Regression,e92783f2,200,True,
337,2026-06-23T16:14:36.216209+00:00,54,Male,HR,Analyst,7631,4,4,3,No,4,Stay,Likely to Stay,48.82,51.18,51.18,55.48,Logistic Regression,419a998e,200,True,
338,2026-06-23T16:14:36.271432+00:00,51,Female,HR,Analyst,20909,22,4,1,No,4,Stay,Likely to Stay,48.62,51.38,51.38,50.01,Logistic Regression,e9457363,200,True,
339,2026-06-23T16:14:36.316650+00:00,47,Male,Marketing,Assistant,7512,5,1,2,No,5,Stay,Likely to Stay,46.07,53.93,53.93,39.7,Logistic Regression,0e464d41,200,True,
340,2026-06-23T16:14:36.374402+00:00,20,Female,Marketing,Assistant,15698,5,4,3,Yes,3,Stay,Likely to Stay,48.47,51.53,51.53,52.42,Logistic Regression,fea3c295,200,True,
341,2026-06-23T16:14:36.425343+00:00,40,Female,Marketing,Assistant,11344,19,4,3,Yes,1,Leave,Likely to Leave,52.5,47.5,52.5,45.09,Logistic Regression,0eab9d8e,200,True,
342,2026-06-23T16:14:36.474249+00:00,28,Female,Marketing,Manager,19063,19,1,2,Yes,2,Stay,Likely to Stay,46.73,53.27,53.27,43.38,Logistic Regression,2b179d6c,200,True,
343,2026-06-23T16:14:36.521671+00:00,34,Female,Sales,Manager,15931,20,2,4,No,1,Leave,Likely to Leave,50.35,49.65,50.35,41.9,Logistic Regression,c36b3981,200,True,
344,2026-06-23T16:14:36.588142+00:00,52,Female,HR,Executive,10996,9,4,2,Yes,5,Stay,Likely to Stay,47.25,52.75,52.75,61.08,Logistic Regression,785450ca,200,True,
345,2026-06-23T16:14:36.624574+00:00,54,Female,Marketing,Executive,2002,10,2,2,No,2,Stay,Likely to Stay,49.29,50.71,50.71,29.23,Logistic Regression,6c2cc5bd,200,True,
346,2026-06-23T16:14:36.665087+00:00,23,Female,HR,Manager,20989,3,4,3,Yes,3,Stay,Likely to Stay,46.09,53.91,53.91,34.87,Logistic Regression,1279573b,200,True,
347,2026-06-23T16:14:36.728836+00:00,34,Female,IT,Manager,12015,21,3,3,Yes,2,Stay,Likely to Stay,49.3,50.7,50.7,58.56,Logistic Regression,828a530c,200,True,
348,2026-06-23T16:14:36.795978+00:00,36,Female,HR,Analyst,7448,25,2,4,No,0,Leave,Likely to Leave,53.55,46.45,53.55,62.0,Logistic Regression,fa446ee8,200,True,
349,2026-06-23T16:14:36.872728+00:00,46,Male,Finance,Manager,16555,19,4,2,Yes,0,Leave,Likely to Leave,53.33,46.67,53.33,70.98,Logistic Regression,0e03794d,200,True,
350,2026-06-23T16:14:36.955584+00:00,40,Female,Finance,Analyst,5230,15,1,1,Yes,4,Leave,Likely to Leave,50.19,49.81,50.19,77.21,Logistic Regression,716692d3,200,True,
351,2026-06-23T16:14:37.076075+00:00,53,Male,Sales,Manager,14811,25,4,1,Yes,2,Leave,Likely to Leave,50.08,49.92,50.08,89.56,Logistic Regression,3948bef9,200,True,
352,2026-06-23T16:14:37.116207+00:00,42,Male,Sales,Analyst,17510,11,4,4,No,2,Leave,Likely to Leave,52.1,47.9,52.1,34.59,Logistic Regression,cd2d2d57,200,True,
353,2026-06-23T16:14:37.173267+00:00,50,Female,Finance,Assistant,5249,26,4,2,Yes,3,Leave,Likely to Leave,53.78,46.22,53.78,51.79,Logistic Regression,35f493ca,200,True,
354,2026-06-23T16:14:37.231968+00:00,32,Male,Marketing,Executive,17532,19,3,3,Yes,4,Stay,Likely to Stay,47.49,52.51,52.51,53.24,Logistic Regression,72af7df7,200,True,
355,2026-06-23T16:14:37.282792+00:00,57,Male,IT,Analyst,7362,28,1,2,No,3,Leave,Likely to Leave,50.94,49.06,50.94,45.31,Logistic Regression,babd28c0,200,True,
356,2026-06-23T16:14:37.343818+00:00,25,Female,Finance,Analyst,15250,23,2,3,Yes,3,Leave,Likely to Leave,51.97,48.03,51.97,55.87,Logistic Regression,3ab1dd14,200,True,
357,2026-06-23T16:14:37.390733+00:00,21,Female,Finance,Assistant,6094,12,3,4,Yes,1,Leave,Likely to Leave,54.39,45.61,54.39,40.94,Logistic Regression,43180d7b,200,True,
358,2026-06-23T16:14:37.437767+00:00,57,Female,IT,Analyst,9018,10,4,1,No,4,Stay,Likely to Stay,49.02,50.98,50.98,41.69,Logistic Regression,cdabbb32,200,True,
359,2026-06-23T16:14:37.485583+00:00,60,Male,Sales,Assistant,11032,26,4,4,Yes,3,Leave,Likely to Leave,53.67,46.33,53.67,41.97,Logistic Regression,c2648f2c,200,True,
360,2026-06-23T16:14:37.545977+00:00,37,Female,Sales,Executive,3057,2,2,3,Yes,1,Leave,Likely to Leave,51.58,48.42,51.58,54.66,Logistic Regression,0977bad0,200,True,
361,2026-06-23T16:14:37.618444+00:00,57,Female,Sales,Analyst,11408,31,1,4,No,1,Leave,Likely to Leave,54.55,45.45,54.55,66.37,Logistic Regression,efde32ab,200,True,
362,2026-06-23T16:14:37.662778+00:00,50,Male,Marketing,Assistant,3270,6,4,2,No,2,Leave,Likely to Leave,50.25,49.75,50.25,38.63,Logistic Regression,b0e84cd9,200,True,
363,2026-06-23T16:14:37.731240+00:00,19,Female,IT,Executive,18341,27,4,1,Yes,1,Leave,Likely to Leave,51.03,48.97,51.03,62.67,Logistic Regression,9c4e5a16,200,True,
364,2026-06-23T16:14:37.799718+00:00,49,Male,Sales,Assistant,10525,14,4,2,Yes,3,Leave,Likely to Leave,51.53,48.47,51.53,62.89,Logistic Regression,ae11cde3,200,True,
365,2026-06-23T16:14:37.891838+00:00,48,Female,IT,Analyst,7836,10,4,4,Yes,1,Leave,Likely to Leave,53.75,46.25,53.75,86.4,Logistic Regression,3e229c17,200,True,
366,2026-06-23T16:14:37.984123+00:00,33,Male,Finance,Assistant,10956,12,4,2,Yes,0,Leave,Likely to Leave,55.22,44.78,55.22,86.86,Logistic Regression,c6b55d4e,200,True,
367,2026-06-23T16:14:38.062803+00:00,25,Female,HR,Analyst,8500,0,2,2,Yes,0,Leave,Likely to Leave,51.15,48.85,51.15,72.59,Logistic Regression,490edd77,200,True,
368,2026-06-23T16:14:38.118438+00:00,41,Female,Sales,Analyst,14495,7,3,4,Yes,1,Leave,Likely to Leave,53.29,46.71,53.29,50.1,Logistic Regression,e5c28cdc,200,True,
369,2026-06-23T16:14:38.202037+00:00,41,Female,IT,Manager,19535,0,2,3,No,2,Stay,Likely to Stay,47.51,52.49,52.49,77.95,Logistic Regression,ce968f50,200,True,
370,2026-06-23T16:14:38.283202+00:00,57,Male,IT,Analyst,6633,5,3,3,Yes,3,Leave,Likely to Leave,51.03,48.97,51.03,75.33,Logistic Regression,b36d3ee4,200,True,
371,2026-06-23T16:14:38.404596+00:00,35,Female,Marketing,Assistant,4106,13,3,3,No,4,Stay,Likely to Stay,48.04,51.96,51.96,115.14,Logistic Regression,f67c06fb,200,True,
372,2026-06-23T16:14:38.460394+00:00,30,Female,Finance,Analyst,4209,11,2,2,Yes,4,Leave,Likely to Leave,50.17,49.83,50.17,50.28,Logistic Regression,59c6eff2,200,True,
373,2026-06-23T16:14:38.503118+00:00,20,Male,Marketing,Analyst,6895,3,4,4,No,1,Leave,Likely to Leave,50.29,49.71,50.29,37.07,Logistic Regression,b417d972,200,True,
374,2026-06-23T16:14:38.548750+00:00,57,Male,Marketing,Assistant,6709,28,3,3,Yes,3,Leave,Likely to Leave,51.51,48.49,51.51,39.72,Logistic Regression,f9571032,200,True,
375,2026-06-23T16:14:38.604666+00:00,43,Male,Marketing,Analyst,10726,15,4,2,Yes,2,Leave,Likely to Leave,50.59,49.41,50.59,50.6,Logistic Regression,840c766f,200,True,
376,2026-06-23T16:14:38.701292+00:00,45,Female,Sales,Manager,9563,25,3,1,No,2,Stay,Likely to Stay,49.06,50.94,50.94,90.97,Logistic Regression,20b957fe,200,True,
377,2026-06-23T16:14:38.754634+00:00,43,Female,Finance,Manager,8480,19,1,3,No,3,Stay,Likely to Stay,49.39,50.61,50.61,47.95,Logistic Regression,9285c598,200,True,
378,2026-06-23T16:14:38.815305+00:00,42,Male,Sales,Analyst,5990,7,3,3,No,3,Leave,Likely to Leave,50.3,49.7,50.3,55.01,Logistic Regression,3698a037,200,True,
379,2026-06-23T16:14:38.862898+00:00,22,Male,Finance,Executive,2712,20,3,4,No,4,Leave,Likely to Leave,50.15,49.85,50.15,42.3,Logistic Regression,e9ea7a34,200,True,
380,2026-06-23T16:14:38.915724+00:00,29,Female,Finance,Analyst,14708,26,4,4,Yes,0,Leave,Likely to Leave,56.47,43.53,56.47,47.18,Logistic Regression,0460d61d,200,True,
381,2026-06-23T16:14:38.983882+00:00,20,Male,HR,Assistant,9230,24,4,2,No,4,Stay,Likely to Stay,48.12,51.88,51.88,62.26,Logistic Regression,fc67c495,200,True,
382,2026-06-23T16:14:39.038469+00:00,23,Female,HR,Analyst,9987,18,1,3,Yes,3,Stay,Likely to Stay,49.08,50.92,50.92,49.06,Logistic Regression,37222b96,200,True,
383,2026-06-23T16:14:39.096899+00:00,38,Male,HR,Executive,12247,4,3,3,No,1,Leave,Likely to Leave,50.23,49.77,50.23,53.01,Logistic Regression,2784db0c,200,True,
384,2026-06-23T16:14:39.163241+00:00,55,Male,Finance,Executive,5190,25,3,4,Yes,0,Leave,Likely to Leave,56.82,43.18,56.82,60.87,Logistic Regression,ab936f5e,200,True,
385,2026-06-23T16:14:39.216364+00:00,21,Female,Sales,Analyst,10765,13,1,4,No,1,Leave,Likely to Leave,51.76,48.24,51.76,47.64,Logistic Regression,bca33c8d,200,True,
386,2026-06-23T16:14:39.261335+00:00,52,Female,Marketing,Manager,7510,26,1,1,No,4,Stay,Likely to Stay,45.37,54.63,54.63,39.42,Logistic Regression,4806c743,200,True,
387,2026-06-23T16:14:39.308335+00:00,50,Male,IT,Manager,10155,9,2,2,Yes,3,Stay,Likely to Stay,47.6,52.4,52.4,41.68,Logistic Regression,37c030b5,200,True,
388,2026-06-23T16:14:39.356461+00:00,37,Male,Finance,Assistant,7979,0,4,2,No,4,Stay,Likely to Stay,49.93,50.07,50.07,42.76,Logistic Regression,934cf354,200,True,
389,2026-06-23T16:14:39.420099+00:00,41,Male,Marketing,Executive,11855,26,1,2,No,1,Leave,Likely to Leave,50.24,49.76,50.24,57.82,Logistic Regression,c807023c,200,True,
390,2026-06-23T16:14:39.504049+00:00,23,Male,Sales,Analyst,14898,11,4,1,Yes,2,Leave,Likely to Leave,50.38,49.62,50.38,78.36,Logistic Regression,3ba1fdfe,200,True,
391,2026-06-23T16:14:39.598786+00:00,47,Male,Sales,Analyst,6857,9,4,3,No,3,Leave,Likely to Leave,50.87,49.13,50.87,87.61,Logistic Regression,903f5f68,200,True,
392,2026-06-23T16:14:39.679877+00:00,24,Male,HR,Manager,16420,16,4,4,No,4,Stay,Likely to Stay,45.79,54.21,54.21,75.42,Logistic Regression,8f3d637d,200,True,
393,2026-06-23T16:14:39.744882+00:00,42,Female,Finance,Assistant,14960,19,2,4,Yes,0,Leave,Likely to Leave,56.49,43.51,56.49,59.4,Logistic Regression,9ab24097,200,True,
394,2026-06-23T16:14:39.793775+00:00,35,Male,Finance,Manager,3958,10,4,3,Yes,3,Stay,Likely to Stay,49.71,50.29,50.29,43.68,Logistic Regression,09b825db,200,True,
395,2026-06-23T16:14:39.827525+00:00,30,Male,HR,Analyst,18864,4,1,3,No,5,Stay,Likely to Stay,45.71,54.29,54.29,28.37,Logistic Regression,ca4c4b39,200,True,
396,2026-06-23T16:14:39.867598+00:00,61,Male,HR,Manager,13961,22,2,3,Yes,2,Stay,Likely to Stay,49.77,50.23,50.23,34.45,Logistic Regression,568feaef,200,True,
397,2026-06-23T16:14:39.914076+00:00,19,Male,IT,Executive,8925,23,1,1,Yes,0,Leave,Likely to Leave,51.33,48.67,51.33,40.91,Logistic Regression,1ae37486,200,True,
398,2026-06-23T16:14:39.970447+00:00,35,Female,HR,Assistant,20290,26,4,1,No,2,Leave,Likely to Leave,50.51,49.49,50.51,50.77,Logistic Regression,ca844ef9,200,True,
399,2026-06-23T16:14:40.058334+00:00,50,Female,Finance,Executive,16937,0,1,1,Yes,2,Leave,Likely to Leave,51.0,49.0,51.0,82.5,Logistic Regression,ab5554c2,200,True,
400,2026-06-23T16:14:40.126036+00:00,56,Male,Sales,Manager,4330,30,4,2,No,3,Stay,Likely to Stay,49.55,50.45,50.45,62.27,Logistic Regression,91c797bb,200,True,
401,2026-06-23T16:14:40.208721+00:00,27,Male,IT,Executive,12321,23,1,1,No,3,Stay,Likely to Stay,47.89,52.11,52.11,67.66,Logistic Regression,6ce85811,200,True,
402,2026-06-23T16:14:40.283623+00:00,48,Female,Finance,Analyst,8713,1,1,1,Yes,3,Leave,Likely to Leave,50.78,49.22,50.78,68.91,Logistic Regression,ca5f9aaf,200,True,
403,2026-06-23T16:14:40.352162+00:00,52,Female,HR,Assistant,7956,11,4,3,No,1,Leave,Likely to Leave,52.67,47.33,52.67,62.68,Logistic Regression,936305fa,200,True,
404,2026-06-23T16:14:40.400268+00:00,36,Male,Marketing,Assistant,13882,9,3,2,Yes,2,Stay,Likely to Stay,49.87,50.13,50.13,42.72,Logistic Regression,7a15fa31,200,True,
405,2026-06-23T16:14:40.473820+00:00,53,Female,Finance,Assistant,6024,1,1,4,Yes,0,Leave,Likely to Leave,55.91,44.09,55.91,68.08,Logistic Regression,dfb9b541,200,True,
406,2026-06-23T16:14:40.533289+00:00,40,Male,HR,Executive,7315,27,4,3,Yes,3,Leave,Likely to Leave,50.36,49.64,50.36,54.22,Logistic Regression,a7e3b7c8,200,True,
407,2026-06-23T16:14:40.574304+00:00,33,Female,IT,Executive,17051,3,1,2,Yes,3,Stay,Likely to Stay,47.95,52.05,52.05,35.46,Logistic Regression,5c17b99f,200,True,
408,2026-06-23T16:14:40.630012+00:00,55,Female,HR,Analyst,12701,23,2,4,Yes,2,Leave,Likely to Leave,52.64,47.36,52.64,50.44,Logistic Regression,32e12d50,200,True,
409,2026-06-23T16:14:40.698670+00:00,21,Female,IT,Executive,17333,13,4,2,Yes,3,Stay,Likely to Stay,48.62,51.38,51.38,62.98,Logistic Regression,277208eb,200,True,
410,2026-06-23T16:14:40.743977+00:00,50,Female,Marketing,Assistant,6522,21,1,3,Yes,4,Stay,Likely to Stay,49.28,50.72,50.72,39.97,Logistic Regression,20a2a420,200,True,
411,2026-06-23T16:14:40.811847+00:00,20,Male,Finance,Assistant,13757,7,4,1,No,2,Leave,Likely to Leave,51.11,48.89,51.11,61.44,Logistic Regression,3f9a0bee,200,True,
412,2026-06-23T16:14:40.904342+00:00,20,Male,Sales,Assistant,8424,26,3,3,No,3,Leave,Likely to Leave,50.57,49.43,50.57,86.94,Logistic Regression,9b617fa3,200,True,
413,2026-06-23T16:14:40.986399+00:00,46,Female,IT,Manager,4218,3,2,2,Yes,1,Stay,Likely to Stay,49.36,50.64,50.64,76.37,Logistic Regression,e625a0f4,200,True,
414,2026-06-23T16:14:41.057518+00:00,52,Female,IT,Executive,4605,3,4,1,Yes,0,Leave,Likely to Leave,52.55,47.45,52.55,65.68,Logistic Regression,ab2db580,200,True,
415,2026-06-23T16:14:41.103229+00:00,50,Female,IT,Manager,9681,29,3,4,No,4,Stay,Likely to Stay,48.35,51.65,51.65,40.3,Logistic Regression,c055eb0c,200,True,
416,2026-06-23T16:14:41.157967+00:00,46,Female,Sales,Assistant,16499,30,1,3,No,0,Leave,Likely to Leave,54.75,45.25,54.75,49.15,Logistic Regression,af139989,200,True,
417,2026-06-23T16:14:41.214890+00:00,59,Male,IT,Analyst,9085,29,1,1,No,3,Leave,Likely to Leave,50.6,49.4,50.6,51.59,Logistic Regression,236b6ad7,200,True,
418,2026-06-23T16:14:41.270664+00:00,27,Female,IT,Analyst,9868,18,4,1,No,2,Leave,Likely to Leave,50.18,49.82,50.18,50.46,Logistic Regression,accee7cc,200,True,
419,2026-06-23T16:14:41.322959+00:00,47,Female,HR,Analyst,6185,14,3,4,No,3,Leave,Likely to Leave,50.45,49.55,50.45,46.71,Logistic Regression,a3b8a45a,200,True,
420,2026-06-23T16:14:41.385119+00:00,49,Female,Sales,Analyst,18655,15,4,3,Yes,2,Leave,Likely to Leave,52.77,47.23,52.77,56.77,Logistic Regression,4ca4d4c0,200,True,
421,2026-06-23T16:14:41.482344+00:00,39,Male,Marketing,Assistant,19834,22,4,4,Yes,2,Leave,Likely to Leave,51.81,48.19,51.81,90.93,Logistic Regression,6c5a3da1,200,True,
422,2026-06-23T16:14:41.544911+00:00,25,Female,Marketing,Manager,7619,2,3,2,Yes,2,Stay,Likely to Stay,46.24,53.76,53.76,57.06,Logistic Regression,899b48dc,200,True,
423,2026-06-23T16:14:41.597953+00:00,47,Female,Marketing,Assistant,14845,9,1,4,No,4,Stay,Likely to Stay,48.21,51.79,51.79,47.78,Logistic Regression,6060e010,200,True,
424,2026-06-23T16:14:41.661554+00:00,45,Male,Finance,Analyst,11611,2,4,3,Yes,1,Leave,Likely to Leave,54.33,45.67,54.33,58.18,Logistic Regression,b4071830,200,True,
425,2026-06-23T16:14:41.831683+00:00,22,Female,Marketing,Executive,12808,18,2,2,No,3,Stay,Likely to Stay,46.94,53.06,53.06,164.58,Logistic Regression,981c86e4,200,True,
426,2026-06-23T16:14:42.113286+00:00,49,Male,HR,Analyst,6217,12,1,2,No,3,Stay,Likely to Stay,49.03,50.97,50.97,275.76,Logistic Regression,285d6fa0,200,True,
427,2026-06-23T16:14:42.408983+00:00,30,Male,Marketing,Assistant,19496,1,1,4,Yes,4,Stay,Likely to Stay,47.32,52.68,52.68,290.1,Logistic Regression,ad0bad0a,200,True,
428,2026-06-23T16:14:42.647266+00:00,56,Female,Sales,Analyst,6793,0,2,3,No,4,Stay,Likely to Stay,49.3,50.7,50.7,233.04,Logistic Regression,779bbb27,200,True,
429,2026-06-23T16:14:42.898667+00:00,46,Female,HR,Analyst,15668,2,4,2,Yes,2,Leave,Likely to Leave,50.45,49.55,50.45,245.64,Logistic Regression,24bf6477,200,True,
430,2026-06-23T16:14:43.169423+00:00,21,Male,IT,Manager,18661,6,3,2,No,2,Stay,Likely to Stay,46.64,53.36,53.36,265.26,Logistic Regression,b5ab696e,200,True,
431,2026-06-23T16:14:43.873606+00:00,26,Female,Finance,Executive,18361,14,1,3,Yes,3,Leave,Likely to Leave,50.47,49.53,50.47,696.17,Logistic Regression,7737ece6,200,True,
432,2026-06-23T16:14:44.215503+00:00,44,Male,IT,Executive,14054,24,4,1,Yes,4,Stay,Likely to Stay,48.87,51.13,51.13,336.44,Logistic Regression,b670dfee,200,True,
433,2026-06-23T16:14:44.511455+00:00,44,Female,Sales,Manager,15642,24,4,4,Yes,5,Stay,Likely to Stay,47.74,52.26,52.26,290.55,Logistic Regression,9d4f37ab,200,True,
434,2026-06-23T16:14:44.722304+00:00,54,Male,Marketing,Executive,14914,8,2,3,Yes,3,Stay,Likely to Stay,48.82,51.18,51.18,205.1,Logistic Regression,63cc8946,200,True,
435,2026-06-23T16:14:45.103602+00:00,60,Female,Marketing,Manager,5829,10,4,3,No,4,Stay,Likely to Stay,46.43,53.57,53.57,375.93,Logistic Regression,e14f3c7f,200,True,
436,2026-06-23T16:14:45.394975+00:00,26,Male,HR,Analyst,8504,29,4,4,Yes,5,Stay,Likely to Stay,48.82,51.18,51.18,285.49,Logistic Regression,320242ba,200,True,
437,2026-06-23T16:14:45.720939+00:00,58,Male,Sales,Manager,3478,25,4,2,No,1,Leave,Likely to Leave,51.52,48.48,51.52,320.39,Logistic Regression,e393441c,200,True,
438,2026-06-23T16:14:46.065501+00:00,34,Male,Marketing,Assistant,20664,19,4,3,Yes,3,Stay,Likely to Stay,49.84,50.16,50.16,339.1,Logistic Regression,6bbf8a8a,200,True,
439,2026-06-23T16:14:46.299599+00:00,40,Female,Marketing,Analyst,4427,31,3,2,Yes,2,Leave,Likely to Leave,51.31,48.69,51.31,228.62,Logistic Regression,c9e9268b,200,True,
440,2026-06-23T16:14:47.119633+00:00,45,Female,Finance,Executive,13834,17,4,4,Yes,1,Leave,Likely to Leave,54.92,45.08,54.92,814.63,Logistic Regression,04e9de64,200,True,
441,2026-06-23T16:14:47.593049+00:00,53,Female,Finance,Assistant,12871,11,2,3,Yes,4,Leave,Likely to Leave,51.85,48.15,51.85,467.32,Logistic Regression,ee505d9d,200,True,
442,2026-06-23T16:14:48.322859+00:00,30,Male,IT,Analyst,3103,26,2,4,Yes,4,Leave,Likely to Leave,50.17,49.83,50.17,724.53,Logistic Regression,9186289f,200,True,
443,2026-06-23T16:14:48.705285+00:00,23,Male,IT,Assistant,20767,22,1,3,Yes,2,Leave,Likely to Leave,51.02,48.98,51.02,376.65,Logistic Regression,0ce7d8c6,200,True,
444,2026-06-23T16:14:48.896256+00:00,45,Female,HR,Analyst,18708,2,2,2,Yes,3,Stay,Likely to Stay,48.82,51.18,51.18,185.66,Logistic Regression,075dad5f,200,True,
445,2026-06-23T16:14:49.145390+00:00,52,Male,Marketing,Manager,13993,19,2,2,No,2,Stay,Likely to Stay,47.63,52.37,52.37,243.69,Logistic Regression,33098d14,200,True,
446,2026-06-23T16:14:49.369513+00:00,23,Male,Sales,Analyst,10935,5,4,2,No,2,Leave,Likely to Leave,50.02,49.98,50.02,218.21,Logistic Regression,2345fd8a,200,True,
447,2026-06-23T16:14:49.632304+00:00,40,Female,Finance,Manager,3064,9,1,3,Yes,0,Leave,Likely to Leave,52.53,47.47,52.53,257.37,Logistic Regression,f1bf58ca,200,True,
448,2026-06-23T16:14:49.805926+00:00,35,Female,IT,Manager,6383,13,2,4,No,5,Stay,Likely to Stay,45.45,54.55,54.55,167.9,Logistic Regression,3b9bbc57,200,True,
449,2026-06-23T16:14:50.123698+00:00,37,Male,Finance,Manager,15842,5,4,3,No,5,Stay,Likely to Stay,46.62,53.38,53.38,312.08,Logistic Regression,44cb4aad,200,True,
450,2026-06-23T16:14:50.376918+00:00,27,Male,Sales,Executive,13731,10,4,2,Yes,3,Stay,Likely to Stay,49.16,50.84,50.84,247.62,Logistic Regression,b5ac361a,200,True,
451,2026-06-23T16:14:51.051754+00:00,18,Male,HR,Manager,5709,24,1,1,No,3,Stay,Likely to Stay,45.2,54.8,54.8,643.68,Logistic Regression,1a114f0e,200,True,
452,2026-06-23T16:14:51.406053+00:00,30,Female,Sales,Analyst,17177,27,4,2,No,5,Stay,Likely to Stay,48.35,51.65,51.65,348.67,Logistic Regression,9520d932,200,True,
453,2026-06-23T16:14:51.932859+00:00,41,Male,HR,Analyst,5382,29,4,2,Yes,3,Leave,Likely to Leave,50.85,49.15,50.85,521.37,Logistic Regression,d8815d57,200,True,
454,2026-06-23T16:14:52.463366+00:00,59,Female,Marketing,Assistant,5694,8,4,3,No,1,Leave,Likely to Leave,52.34,47.66,52.34,525.18,Logistic Regression,b83bd891,200,True,
455,2026-06-23T16:14:52.795192+00:00,35,Female,IT,Analyst,20308,23,4,1,No,4,Stay,Likely to Stay,48.52,51.48,51.48,326.43,Logistic Regression,4a045f02,200,True,
456,2026-06-23T16:14:52.954901+00:00,31,Female,Finance,Executive,11302,11,4,1,No,4,Stay,Likely to Stay,48.8,51.2,51.2,154.02,Logistic Regression,9fa3c272,200,True,
457,2026-06-23T16:14:52.994343+00:00,20,Male,Finance,Executive,20662,24,4,1,Yes,4,Stay,Likely to Stay,49.36,50.64,50.64,34.05,Logistic Regression,0304d684,200,True,
458,2026-06-23T16:14:53.061895+00:00,33,Female,IT,Executive,20905,8,4,2,No,4,Stay,Likely to Stay,47.24,52.76,52.76,62.08,Logistic Regression,87b54ebd,200,True,
459,2026-06-23T16:14:53.125319+00:00,20,Female,Sales,Analyst,14488,24,2,2,Yes,3,Stay,Likely to Stay,49.98,50.02,50.02,58.2,Logistic Regression,b76014cf,200,True,
460,2026-06-23T16:14:53.185428+00:00,48,Male,IT,Executive,7305,12,4,1,Yes,3,Stay,Likely to Stay,49.56,50.44,50.44,54.53,Logistic Regression,cc14bc42,200,True,
461,2026-06-23T16:14:53.251997+00:00,42,Female,Marketing,Executive,6797,17,3,3,No,5,Stay,Likely to Stay,46.48,53.52,53.52,60.22,Logistic Regression,1b8b82f6,200,True,
462,2026-06-23T16:14:53.315229+00:00,55,Female,Sales,Analyst,11830,18,1,4,No,3,Leave,Likely to Leave,51.53,48.47,51.53,57.9,Logistic Regression,fdfcd443,200,True,
463,2026-06-23T16:14:53.374159+00:00,29,Female,IT,Manager,11113,14,2,3,No,3,Stay,Likely to Stay,46.82,53.18,53.18,53.28,Logistic Regression,0e811b82,200,True,
464,2026-06-23T16:14:53.443723+00:00,28,Male,Finance,Executive,15904,3,3,4,Yes,5,Stay,Likely to Stay,48.66,51.34,51.34,63.94,Logistic Regression,71ec28c5,200,True,
465,2026-06-23T16:14:53.499439+00:00,27,Female,HR,Assistant,3269,30,1,1,Yes,5,Stay,Likely to Stay,47.28,52.72,52.72,50.28,Logistic Regression,f6f674be,200,True,
466,2026-06-23T16:14:53.558031+00:00,21,Female,Finance,Assistant,9495,14,4,1,Yes,2,Leave,Likely to Leave,52.22,47.78,52.22,52.83,Logistic Regression,02e8888a,200,True,
467,2026-06-23T16:14:53.630695+00:00,38,Male,HR,Analyst,18321,12,1,2,No,3,Stay,Likely to Stay,48.28,51.72,51.72,67.12,Logistic Regression,225bd052,200,True,
468,2026-06-23T16:14:53.700046+00:00,55,Female,IT,Executive,11075,25,2,2,Yes,1,Leave,Likely to Leave,52.8,47.2,52.8,63.3,Logistic Regression,dba96174,200,True,
469,2026-06-23T16:14:53.777022+00:00,33,Male,IT,Manager,16121,17,4,4,No,1,Leave,Likely to Leave,50.13,49.87,50.13,71.6,Logistic Regression,a215536e,200,True,
470,2026-06-23T16:14:53.820989+00:00,26,Female,Marketing,Analyst,13142,26,4,4,Yes,1,Leave,Likely to Leave,52.4,47.6,52.4,38.38,Logistic Regression,45b2adcb,200,True,
471,2026-06-23T16:14:53.892318+00:00,48,Female,Finance,Manager,19017,10,1,4,No,1,Leave,Likely to Leave,51.54,48.46,51.54,64.61,Logistic Regression,0e499b8c,200,True,
472,2026-06-23T16:14:53.931355+00:00,35,Female,Sales,Analyst,5282,14,1,2,Yes,5,Stay,Likely to Stay,47.9,52.1,52.1,33.31,Logistic Regression,d26a2ba6,200,True,
473,2026-06-23T16:14:53.996027+00:00,58,Male,Finance,Analyst,16052,28,4,3,No,2,Leave,Likely to Leave,54.8,45.2,54.8,59.01,Logistic Regression,2cf33769,200,True,
474,2026-06-23T16:14:54.042424+00:00,38,Female,Marketing,Manager,10975,23,4,2,No,2,Stay,Likely to Stay,47.73,52.27,52.27,40.79,Logistic Regression,285200e6,200,True,
475,2026-06-23T16:14:54.095251+00:00,36,Female,Finance,Executive,16400,8,2,1,No,3,Stay,Likely to Stay,49.41,50.59,50.59,47.57,Logistic Regression,462a51c0,200,True,
476,2026-06-23T16:14:54.150969+00:00,47,Female,Finance,Manager,8384,19,4,3,Yes,3,Leave,Likely to Leave,50.79,49.21,50.79,50.4,Logistic Regression,592d9efa,200,True,
477,2026-06-23T16:14:54.199980+00:00,20,Male,HR,Assistant,10137,26,1,2,Yes,3,Stay,Likely to Stay,49.16,50.84,50.84,43.44,Logistic Regression,af125967,200,True,
478,2026-06-23T16:14:54.235059+00:00,50,Female,Sales,Executive,11239,12,4,2,No,1,Leave,Likely to Leave,52.11,47.89,52.11,29.87,Logistic Regression,67efebda,200,True,
479,2026-06-23T16:14:54.276618+00:00,27,Male,Finance,Manager,4142,17,2,2,Yes,3,Stay,Likely to Stay,48.83,51.17,51.17,36.29,Logistic Regression,95457344,200,True,
480,2026-06-23T16:14:54.302310+00:00,45,Female,IT,Analyst,7419,8,4,3,No,4,Stay,Likely to Stay,49.26,50.74,50.74,20.19,Logistic Regression,e2b89a62,200,True,
481,2026-06-23T16:14:54.363678+00:00,41,Female,Finance,Executive,19049,10,3,4,No,3,Leave,Likely to Leave,51.32,48.68,51.32,55.48,Logistic Regression,46ff0e59,200,True,
482,2026-06-23T16:14:54.428955+00:00,33,Female,Sales,Manager,13396,10,4,4,Yes,4,Stay,Likely to Stay,47.5,52.5,52.5,59.79,Logistic Regression,a920ca0f,200,True,
483,2026-06-23T16:14:54.501729+00:00,52,Male,IT,Analyst,17045,22,1,3,Yes,3,Leave,Likely to Leave,51.16,48.84,51.16,67.4,Logistic Regression,95dc0dea,200,True,
484,2026-06-23T16:14:54.535852+00:00,55,Female,Finance,Assistant,11338,16,4,4,Yes,2,Leave,Likely to Leave,55.31,44.69,55.31,28.74,Logistic Regression,9010efa9,200,True,
485,2026-06-23T16:14:54.574291+00:00,57,Female,Finance,Executive,7618,12,3,2,No,3,Leave,Likely to Leave,51.5,48.5,51.5,33.19,Logistic Regression,7a391cdd,200,True,
486,2026-06-23T16:14:54.615809+00:00,36,Female,Finance,Assistant,7785,3,4,4,No,3,Leave,Likely to Leave,52.09,47.91,52.09,36.37,Logistic Regression,28e20f68,200,True,
487,2026-06-23T16:14:54.652787+00:00,25,Female,IT,Manager,13898,25,4,2,Yes,1,Stay,Likely to Stay,49.91,50.09,50.09,31.53,Logistic Regression,66e06ceb,200,True,
488,2026-06-23T16:14:54.717701+00:00,54,Male,IT,Analyst,13981,19,4,1,Yes,3,Leave,Likely to Leave,50.89,49.11,50.89,59.68,Logistic Regression,c0fd45f9,200,True,
489,2026-06-23T16:14:54.783612+00:00,30,Male,Marketing,Assistant,17793,25,4,2,No,4,Stay,Likely to Stay,47.98,52.02,52.02,60.16,Logistic Regression,e28d8473,200,True,
490,2026-06-23T16:14:54.841665+00:00,45,Female,HR,Analyst,7219,9,4,2,No,2,Leave,Likely to Leave,50.43,49.57,50.43,52.74,Logistic Regression,164b9622,200,True,
491,2026-06-23T16:14:54.916643+00:00,52,Female,HR,Assistant,12117,5,4,3,No,1,Leave,Likely to Leave,52.24,47.76,52.24,68.51,Logistic Regression,744d2f78,200,True,
492,2026-06-23T16:14:54.984505+00:00,42,Male,IT,Analyst,12235,14,4,3,Yes,2,Leave,Likely to Leave,52.04,47.96,52.04,61.9,Logistic Regression,a8e35cca,200,True,
493,2026-06-23T16:14:55.083681+00:00,43,Male,Sales,Executive,14872,16,4,1,No,1,Leave,Likely to Leave,51.45,48.55,51.45,93.74,Logistic Regression,fabc2f70,200,True,
494,2026-06-23T16:14:55.141582+00:00,31,Male,HR,Assistant,7796,14,1,2,Yes,2,Leave,Likely to Leave,50.11,49.89,50.11,52.63,Logistic Regression,1397c66a,200,True,
495,2026-06-23T16:14:55.184057+00:00,56,Female,Finance,Analyst,16717,21,3,1,No,1,Leave,Likely to Leave,54.26,45.74,54.26,37.09,Logistic Regression,6498edb4,200,True,
496,2026-06-23T16:14:55.228055+00:00,44,Male,IT,Executive,6595,10,3,3,Yes,3,Stay,Likely to Stay,49.95,50.05,50.05,38.57,Logistic Regression,b6212bf3,200,True,
497,2026-06-23T16:14:55.273806+00:00,48,Male,Marketing,Manager,18344,17,4,1,Yes,2,Stay,Likely to Stay,47.77,52.23,52.23,40.41,Logistic Regression,35dacd3e,200,True,
498,2026-06-23T16:14:55.335866+00:00,46,Female,IT,Executive,11544,13,4,1,No,2,Leave,Likely to Leave,50.03,49.97,50.03,56.71,Logistic Regression,0500e3fc,200,True,
499,2026-06-23T16:14:55.408891+00:00,39,Female,Finance,Analyst,11466,17,4,1,Yes,4,Leave,Likely to Leave,50.82,49.18,50.82,67.48,Logistic Regression,3393c22f,200,True,
500,2026-06-23T16:14:55.462625+00:00,36,Male,IT,Analyst,18238,16,3,1,No,4,Stay,Likely to Stay,47.93,52.07,52.07,48.14,Logistic Regression,2ee206ea,200,True,
